{"results": {"arc_challenge": {"alias": "arc_challenge", "acc,none": 0.2645051194539249, "acc_stderr,none": 0.012889272949313364, "acc_norm,none": 0.29180887372013653, "acc_norm_stderr,none": 0.013284525292403518}, "gsm8k": {"alias": "gsm8k", "exact_match,strict-match": 0.009855951478392721, "exact_match_stderr,strict-match": 0.0027210765770416573, "exact_match,flexible-extract": 0.014404852160727824, "exact_match_stderr,flexible-extract": 0.0032820559171369296}, "hellaswag": {"alias": "hellaswag", "acc,none": 0.41884086835291773, "acc_stderr,none": 0.004923609207861549, "acc_norm,none": 0.5267874925313683, "acc_norm_stderr,none": 0.004982615233057129}, "mmlu": {"acc,none": 0.2553767269619712, "acc_stderr,none": 0.003675282389511168, "alias": "mmlu"}, "mmlu_humanities": {"acc,none": 0.24803400637619555, "acc_stderr,none": 0.006290573048145554, "alias": " - humanities"}, "mmlu_formal_logic": {"alias": "  - formal_logic", "acc,none": 0.2222222222222222, "acc_stderr,none": 0.03718489006818115}, "mmlu_high_school_european_history": {"alias": "  - high_school_european_history", "acc,none": 0.2787878787878788, "acc_stderr,none": 0.03501438706296781}, "mmlu_high_school_us_history": {"alias": "  - high_school_us_history", "acc,none": 0.30392156862745096, "acc_stderr,none": 0.03228210387037892}, "mmlu_high_school_world_history": {"alias": "  - high_school_world_history", "acc,none": 0.24050632911392406, "acc_stderr,none": 0.027820781981149678}, "mmlu_international_law": {"alias": "  - international_law", "acc,none": 0.14049586776859505, "acc_stderr,none": 0.031722334260021585}, "mmlu_jurisprudence": {"alias": "  - jurisprudence", "acc,none": 0.2037037037037037, "acc_stderr,none": 0.03893542518824847}, "mmlu_logical_fallacies": {"alias": "  - logical_fallacies", "acc,none": 0.2883435582822086, "acc_stderr,none": 0.035590395316173425}, "mmlu_moral_disputes": {"alias": "  - moral_disputes", "acc,none": 0.24855491329479767, "acc_stderr,none": 0.023267528432100174}, "mmlu_moral_scenarios": {"alias": "  - moral_scenarios", "acc,none": 0.27039106145251396, "acc_stderr,none": 0.01485499393801008}, "mmlu_philosophy": {"alias": "  - philosophy", "acc,none": 0.2765273311897106, "acc_stderr,none": 0.02540383297817961}, "mmlu_prehistory": {"alias": "  - prehistory", "acc,none": 0.24382716049382716, "acc_stderr,none": 0.02389187954195961}, "mmlu_professional_law": {"alias": "  - professional_law", "acc,none": 0.2333767926988266, "acc_stderr,none": 0.010803108481179102}, "mmlu_world_religions": {"alias": "  - world_religions", "acc,none": 0.21637426900584794, "acc_stderr,none": 0.03158149539338734}, "mmlu_other": {"acc,none": 0.2507241712262633, "acc_stderr,none": 0.007769751481104142, "alias": " - other"}, "mmlu_business_ethics": {"alias": "  - business_ethics", "acc,none": 0.2, "acc_stderr,none": 0.04020151261036845}, "mmlu_clinical_knowledge": {"alias": "  - clinical_knowledge", "acc,none": 0.2528301886792453, "acc_stderr,none": 0.026749899771241238}, "mmlu_college_medicine": {"alias": "  - college_medicine", "acc,none": 0.23121387283236994, "acc_stderr,none": 0.0321473730202947}, "mmlu_global_facts": {"alias": "  - global_facts", "acc,none": 0.27, "acc_stderr,none": 0.044619604333847394}, "mmlu_human_aging": {"alias": "  - human_aging", "acc,none": 0.21524663677130046, "acc_stderr,none": 0.02758406660220827}, "mmlu_management": {"alias": "  - management", "acc,none": 0.2621359223300971, "acc_stderr,none": 0.04354631077260597}, "mmlu_marketing": {"alias": "  - marketing", "acc,none": 0.23504273504273504, "acc_stderr,none": 0.027778835904935437}, "mmlu_medical_genetics": {"alias": "  - medical_genetics", "acc,none": 0.23, "acc_stderr,none": 0.04229525846816505}, "mmlu_miscellaneous": {"alias": "  - miscellaneous", "acc,none": 0.2937420178799489, "acc_stderr,none": 0.01628775938849167}, "mmlu_nutrition": {"alias": "  - nutrition", "acc,none": 0.26143790849673204, "acc_stderr,none": 0.025160998214292456}, "mmlu_professional_accounting": {"alias": "  - professional_accounting", "acc,none": 0.2127659574468085, "acc_stderr,none": 0.024414612974307685}, "mmlu_professional_medicine": {"alias": "  - professional_medicine", "acc,none": 0.2610294117647059, "acc_stderr,none": 0.026679252270103128}, "mmlu_virology": {"alias": "  - virology", "acc,none": 0.18674698795180722, "acc_stderr,none": 0.030338749144500615}, "mmlu_social_sciences": {"acc,none": 0.26616834579135523, "acc_stderr,none": 0.007958055207606039, "alias": " - social sciences"}, "mmlu_econometrics": {"alias": "  - econometrics", "acc,none": 0.23684210526315788, "acc_stderr,none": 0.039994238792813344}, "mmlu_high_school_geography": {"alias": "  - high_school_geography", "acc,none": 0.30303030303030304, "acc_stderr,none": 0.032742879140268674}, "mmlu_high_school_government_and_politics": {"alias": "  - high_school_government_and_politics", "acc,none": 0.33678756476683935, "acc_stderr,none": 0.03410780251836184}, "mmlu_high_school_macroeconomics": {"alias": "  - high_school_macroeconomics", "acc,none": 0.31025641025641026, "acc_stderr,none": 0.02345467488940429}, "mmlu_high_school_microeconomics": {"alias": "  - high_school_microeconomics", "acc,none": 0.2689075630252101, "acc_stderr,none": 0.028801392193631276}, "mmlu_high_school_psychology": {"alias": "  - high_school_psychology", "acc,none": 0.27155963302752295, "acc_stderr,none": 0.01906909836319144}, "mmlu_human_sexuality": {"alias": "  - human_sexuality", "acc,none": 0.25190839694656486, "acc_stderr,none": 0.03807387116306085}, "mmlu_professional_psychology": {"alias": "  - professional_psychology", "acc,none": 0.2173202614379085, "acc_stderr,none": 0.016684820929148598}, "mmlu_public_relations": {"alias": "  - public_relations", "acc,none": 0.2545454545454545, "acc_stderr,none": 0.041723430387053825}, "mmlu_security_studies": {"alias": "  - security_studies", "acc,none": 0.2693877551020408, "acc_stderr,none": 0.02840125202902294}, "mmlu_sociology": {"alias": "  - sociology", "acc,none": 0.24378109452736318, "acc_stderr,none": 0.030360490154014652}, "mmlu_us_foreign_policy": {"alias": "  - us_foreign_policy", "acc,none": 0.25, "acc_stderr,none": 0.04351941398892446}, "mmlu_stem": {"acc,none": 0.2603869330796067, "acc_stderr,none": 0.007801574847048471, "alias": " - stem"}, "mmlu_abstract_algebra": {"alias": "  - abstract_algebra", "acc,none": 0.15, "acc_stderr,none": 0.03588702812826371}, "mmlu_anatomy": {"alias": "  - anatomy", "acc,none": 0.1925925925925926, "acc_stderr,none": 0.034065420585026505}, "mmlu_astronomy": {"alias": "  - astronomy", "acc,none": 0.2631578947368421, "acc_stderr,none": 0.03583496176361063}, "mmlu_college_biology": {"alias": "  - college_biology", "acc,none": 0.1736111111111111, "acc_stderr,none": 0.031674733837957166}, "mmlu_college_chemistry": {"alias": "  - college_chemistry", "acc,none": 0.35, "acc_stderr,none": 0.0479372485441102}, "mmlu_college_computer_science": {"alias": "  - college_computer_science", "acc,none": 0.3, "acc_stderr,none": 0.046056618647183814}, "mmlu_college_mathematics": {"alias": "  - college_mathematics", "acc,none": 0.26, "acc_stderr,none": 0.04408440022768077}, "mmlu_college_physics": {"alias": "  - college_physics", "acc,none": 0.21568627450980393, "acc_stderr,none": 0.04092563958237655}, "mmlu_computer_security": {"alias": "  - computer_security", "acc,none": 0.33, "acc_stderr,none": 0.04725815626252605}, "mmlu_conceptual_physics": {"alias": "  - conceptual_physics", "acc,none": 0.2553191489361702, "acc_stderr,none": 0.0285048564705142}, "mmlu_electrical_engineering": {"alias": "  - electrical_engineering", "acc,none": 0.22758620689655173, "acc_stderr,none": 0.03493950380131184}, "mmlu_elementary_mathematics": {"alias": "  - elementary_mathematics", "acc,none": 0.2566137566137566, "acc_stderr,none": 0.022494510767503154}, "mmlu_high_school_biology": {"alias": "  - high_school_biology", "acc,none": 0.2967741935483871, "acc_stderr,none": 0.025988500792411894},