{"results": {"arc_challenge": {"alias": "arc_challenge", "acc,none": 0.2380546075085324, "acc_stderr,none": 0.012445770028026201, "acc_norm,none": 0.2696245733788396, "acc_norm_stderr,none": 0.012968040686869147}, "gsm8k": {"alias": "gsm8k", "exact_match,strict-match": 0.014404852160727824, "exact_match_stderr,strict-match": 0.003282055917136957, "exact_match,flexible-extract": 0.02047005307050796, "exact_match_stderr,flexible-extract": 0.0039004133859157192}, "hellaswag": {"alias": "hellaswag", "acc,none": 0.36496713802031466, "acc_stderr,none": 0.0048043705638562235, "acc_norm,none": 0.43945429197371044, "acc_norm_stderr,none": 0.004953063404791446}, "mmlu": {"acc,none": 0.24740065517732518, "acc_stderr,none": 0.003640971278163227, "alias": "mmlu"}, "mmlu_humanities": {"acc,none": 0.25674814027630183, "acc_stderr,none": 0.0063709255466426985, "alias": " - humanities"}, "mmlu_formal_logic": {"alias": "  - formal_logic", "acc,none": 0.21428571428571427, "acc_stderr,none": 0.03670066451047181}, "mmlu_high_school_european_history": {"alias": "  - high_school_european_history", "acc,none": 0.30303030303030304, "acc_stderr,none": 0.035886248000917075}, "mmlu_high_school_us_history": {"alias": "  - high_school_us_history", "acc,none": 0.2549019607843137, "acc_stderr,none": 0.030587591351604264}, "mmlu_high_school_world_history": {"alias": "  - high_school_world_history", "acc,none": 0.24472573839662448, "acc_stderr,none": 0.02798569938703642}, "mmlu_international_law": {"alias": "  - international_law", "acc,none": 0.256198347107438, "acc_stderr,none": 0.03984979653302871}, "mmlu_jurisprudence": {"alias": "  - jurisprudence", "acc,none": 0.2962962962962963, "acc_stderr,none": 0.044143436668549335}, "mmlu_logical_fallacies": {"alias": "  - logical_fallacies", "acc,none": 0.3067484662576687, "acc_stderr,none": 0.03623089915724146}, "mmlu_moral_disputes": {"alias": "  - moral_disputes", "acc,none": 0.28034682080924855, "acc_stderr,none": 0.024182427496577622}, "mmlu_moral_scenarios": {"alias": "  - moral_scenarios", "acc,none": 0.24916201117318434, "acc_stderr,none": 0.014465893829859933}, "mmlu_philosophy": {"alias": "  - philosophy", "acc,none": 0.2508038585209003, "acc_stderr,none": 0.024619771956697168}, "mmlu_prehistory": {"alias": "  - prehistory", "acc,none": 0.25617283950617287, "acc_stderr,none": 0.0242885336377261}, "mmlu_professional_law": {"alias": "  - professional_law", "acc,none": 0.25488917861799215, "acc_stderr,none": 0.011130509812662963}, "mmlu_world_religions": {"alias": "  - world_religions", "acc,none": 0.21052631578947367, "acc_stderr,none": 0.03126781714663179}, "mmlu_other": {"acc,none": 0.24299967814612167, "acc_stderr,none": 0.0076950190598523895, "alias": " - other"}, "mmlu_business_ethics": {"alias": "  - business_ethics", "acc,none": 0.22, "acc_stderr,none": 0.041633319989322716}, "mmlu_clinical_knowledge": {"alias": "  - clinical_knowledge", "acc,none": 0.2528301886792453, "acc_stderr,none": 0.026749899771241238}, "mmlu_college_medicine": {"alias": "  - college_medicine", "acc,none": 0.23699421965317918, "acc_stderr,none": 0.03242414757483099}, "mmlu_global_facts": {"alias": "  - global_facts", "acc,none": 0.34, "acc_stderr,none": 0.04760952285695235}, "mmlu_human_aging": {"alias": "  - human_aging", "acc,none": 0.2600896860986547, "acc_stderr,none": 0.029442495585857476}, "mmlu_management": {"alias": "  - management", "acc,none": 0.2815533980582524, "acc_stderr,none": 0.04453254836326469}, "mmlu_marketing": {"alias": "  - marketing", "acc,none": 0.23504273504273504, "acc_stderr,none": 0.027778835904935434}, "mmlu_medical_genetics": {"alias": "  - medical_genetics", "acc,none": 0.26, "acc_stderr,none": 0.04408440022768079}, "mmlu_miscellaneous": {"alias": "  - miscellaneous", "acc,none": 0.23754789272030652, "acc_stderr,none": 0.015218733046150191}, "mmlu_nutrition": {"alias": "  - nutrition", "acc,none": 0.24183006535947713, "acc_stderr,none": 0.024518195641879334}, "mmlu_professional_accounting": {"alias": "  - professional_accounting", "acc,none": 0.24822695035460993, "acc_stderr,none": 0.025770015644290403}, "mmlu_professional_medicine": {"alias": "  - professional_medicine", "acc,none": 0.18382352941176472, "acc_stderr,none": 0.02352924218519311}, "mmlu_virology": {"alias": "  - virology", "acc,none": 0.25903614457831325, "acc_stderr,none": 0.034106466140718564}, "mmlu_social_sciences": {"acc,none": 0.23756906077348067, "acc_stderr,none": 0.007673383413274209, "alias": " - social sciences"}, "mmlu_econometrics": {"alias": "  - econometrics", "acc,none": 0.24561403508771928, "acc_stderr,none": 0.04049339297748141}, "mmlu_high_school_geography": {"alias": "  - high_school_geography", "acc,none": 0.2828282828282828, "acc_stderr,none": 0.03208779558786752}, "mmlu_high_school_government_and_politics": {"alias": "  - high_school_government_and_politics", "acc,none": 0.24870466321243523, "acc_stderr,none": 0.031195840877700307}, "mmlu_high_school_macroeconomics": {"alias": "  - high_school_macroeconomics", "acc,none": 0.2076923076923077, "acc_stderr,none": 0.020567539567246787}, "mmlu_high_school_microeconomics": {"alias": "  - high_school_microeconomics", "acc,none": 0.18907563025210083, "acc_stderr,none": 0.025435119438105377}, "mmlu_high_school_psychology": {"alias": "  - high_school_psychology", "acc,none": 0.25321100917431194, "acc_stderr,none": 0.018644073041375046}, "mmlu_human_sexuality": {"alias": "  - human_sexuality", "acc,none": 0.24427480916030533, "acc_stderr,none": 0.03768335959728744}, "mmlu_professional_psychology": {"alias": "  - professional_psychology", "acc,none": 0.24183006535947713, "acc_stderr,none": 0.017322789207784326}, "mmlu_public_relations": {"alias": "  - public_relations", "acc,none": 0.22727272727272727, "acc_stderr,none": 0.04013964554072774}, "mmlu_security_studies": {"alias": "  - security_studies", "acc,none": 0.2163265306122449, "acc_stderr,none": 0.026358916334904024}, "mmlu_sociology": {"alias": "  - sociology", "acc,none": 0.27860696517412936, "acc_stderr,none": 0.031700561834973086}, "mmlu_us_foreign_policy": {"alias": "  - us_foreign_policy", "acc,none": 0.21, "acc_stderr,none": 0.04093601807403326}, "mmlu_stem": {"acc,none": 0.24738344433872503, "acc_stderr,none": 0.007679466671982927, "alias": " - stem"}, "mmlu_abstract_algebra": {"alias": "  - abstract_algebra", "acc,none": 0.18, "acc_stderr,none": 0.038612291966536955}, "mmlu_anatomy": {"alias": "  - anatomy", "acc,none": 0.26666666666666666, "acc_stderr,none": 0.038201699145179055}, "mmlu_astronomy": {"alias": "  - astronomy", "acc,none": 0.23684210526315788, "acc_stderr,none": 0.03459777606810537}, "mmlu_college_biology": {"alias": "  - college_biology", "acc,none": 0.22916666666666666, "acc_stderr,none": 0.035146974678623884}, "mmlu_college_chemistry": {"alias": "  - college_chemistry", "acc,none": 0.16, "acc_stderr,none": 0.03684529491774709}, "mmlu_college_computer_science": {"alias": "  - college_computer_science", "acc,none": 0.17, "acc_stderr,none": 0.03775251680686371}, "mmlu_college_mathematics": {"alias": "  - college_mathematics", "acc,none": 0.21, "acc_stderr,none": 0.040936018074033256}, "mmlu_college_physics": {"alias": "  - college_physics", "acc,none": 0.2647058823529412, "acc_stderr,none": 0.04389869956808777}, "mmlu_computer_security": {"alias": "  - computer_security", "acc,none": 0.27, "acc_stderr,none": 0.044619604333847394}, "mmlu_conceptual_physics": {"alias": "  - conceptual_physics", "acc,none": 0.28936170212765955, "acc_stderr,none": 0.02964400657700962}, "mmlu_electrical_engineering": {"alias": "  - electrical_engineering", "acc,none": 0.2620689655172414, "acc_stderr,none": 0.036646663372252565}, "mmlu_elementary_mathematics": {"alias": "  - elementary_mathematics", "acc,none": 0.26455026455026454, "acc_stderr,none": 0.022717467897708628}, "mmlu_high_school_biology": {"alias": "  - high_school_biology", "acc,none": 0.22903225806451613, "acc_stderr,none": 0.023904914311782644},