{"results": {"arc_challenge": {"alias": "arc_challenge", "acc,none": 0.2738907849829352, "acc_stderr,none": 0.013032004972989505, "acc_norm,none": 0.2909556313993174, "acc_norm_stderr,none": 0.013273077865907595}, "gsm8k": {"alias": "gsm8k", "exact_match,strict-match": 0.016679302501895376, "exact_match_stderr,strict-match": 0.0035275958887224694, "exact_match,flexible-extract": 0.01819560272934041, "exact_match_stderr,flexible-extract": 0.003681611894073872}, "hellaswag": {"alias": "hellaswag", "acc,none": 0.4327823142800239, "acc_stderr,none": 0.004944485990639521, "acc_norm,none": 0.5645289782911771, "acc_norm_stderr,none": 0.004948052131344488}, "mmlu": {"acc,none": 0.23985187295257085, "acc_stderr,none": 0.0035992478764315045, "alias": "mmlu"}, "mmlu_humanities": {"acc,none": 0.23740701381509033, "acc_stderr,none": 0.0061992113464471865, "alias": " - humanities"}, "mmlu_formal_logic": {"alias": "  - formal_logic", "acc,none": 0.2222222222222222, "acc_stderr,none": 0.037184890068181146}, "mmlu_high_school_european_history": {"alias": "  - high_school_european_history", "acc,none": 0.2909090909090909, "acc_stderr,none": 0.03546563019624335}, "mmlu_high_school_us_history": {"alias": "  - high_school_us_history", "acc,none": 0.28431372549019607, "acc_stderr,none": 0.031660096793998144}, "mmlu_high_school_world_history": {"alias": "  - high_school_world_history", "acc,none": 0.2616033755274262, "acc_stderr,none": 0.028609516716994934}, "mmlu_international_law": {"alias": "  - international_law", "acc,none": 0.19834710743801653, "acc_stderr,none": 0.036401182719909456}, "mmlu_jurisprudence": {"alias": "  - jurisprudence", "acc,none": 0.2222222222222222, "acc_stderr,none": 0.040191074725573483}, "mmlu_logical_fallacies": {"alias": "  - logical_fallacies", "acc,none": 0.19631901840490798, "acc_stderr,none": 0.031207970394709215}, "mmlu_moral_disputes": {"alias": "  - moral_disputes", "acc,none": 0.2630057803468208, "acc_stderr,none": 0.023703099525258165}, "mmlu_moral_scenarios": {"alias": "  - moral_scenarios", "acc,none": 0.24581005586592178, "acc_stderr,none": 0.01440029642922559}, "mmlu_philosophy": {"alias": "  - philosophy", "acc,none": 0.2057877813504823, "acc_stderr,none": 0.022961339906764237}, "mmlu_prehistory": {"alias": "  - prehistory", "acc,none": 0.17592592592592593, "acc_stderr,none": 0.021185893615225153}, "mmlu_professional_law": {"alias": "  - professional_law", "acc,none": 0.24119947848761408, "acc_stderr,none": 0.010926496102034946}, "mmlu_world_religions": {"alias": "  - world_religions", "acc,none": 0.22807017543859648, "acc_stderr,none": 0.032180937956023566}, "mmlu_other": {"acc,none": 0.2536208561313164, "acc_stderr,none": 0.007805158112552352, "alias": " - other"}, "mmlu_business_ethics": {"alias": "  - business_ethics", "acc,none": 0.25, "acc_stderr,none": 0.04351941398892446}, "mmlu_clinical_knowledge": {"alias": "  - clinical_knowledge", "acc,none": 0.2339622641509434, "acc_stderr,none": 0.026055296901152915}, "mmlu_college_medicine": {"alias": "  - college_medicine", "acc,none": 0.28901734104046245, "acc_stderr,none": 0.03456425745086999}, "mmlu_global_facts": {"alias": "  - global_facts", "acc,none": 0.25, "acc_stderr,none": 0.04351941398892446}, "mmlu_human_aging": {"alias": "  - human_aging", "acc,none": 0.2825112107623318, "acc_stderr,none": 0.030216831011508752}, "mmlu_management": {"alias": "  - management", "acc,none": 0.18446601941747573, "acc_stderr,none": 0.03840423627288276}, "mmlu_marketing": {"alias": "  - marketing", "acc,none": 0.27350427350427353, "acc_stderr,none": 0.029202540153431177}, "mmlu_medical_genetics": {"alias": "  - medical_genetics", "acc,none": 0.33, "acc_stderr,none": 0.047258156262526045}, "mmlu_miscellaneous": {"alias": "  - miscellaneous", "acc,none": 0.24393358876117496, "acc_stderr,none": 0.015357212665829475}, "mmlu_nutrition": {"alias": "  - nutrition", "acc,none": 0.21895424836601307, "acc_stderr,none": 0.02367908986180772}, "mmlu_professional_accounting": {"alias": "  - professional_accounting", "acc,none": 0.28368794326241137, "acc_stderr,none": 0.026891709428343957}, "mmlu_professional_medicine": {"alias": "  - professional_medicine", "acc,none": 0.23529411764705882, "acc_stderr,none": 0.025767252010855963}, "mmlu_virology": {"alias": "  - virology", "acc,none": 0.2710843373493976, "acc_stderr,none": 0.034605799075530276}, "mmlu_social_sciences": {"acc,none": 0.23236919077023074, "acc_stderr,none": 0.007604199039118167, "alias": " - social sciences"}, "mmlu_econometrics": {"alias": "  - econometrics", "acc,none": 0.22807017543859648, "acc_stderr,none": 0.03947152782669415}, "mmlu_high_school_geography": {"alias": "  - high_school_geography", "acc,none": 0.20202020202020202, "acc_stderr,none": 0.028606204289229862}, "mmlu_high_school_government_and_politics": {"alias": "  - high_school_government_and_politics", "acc,none": 0.20207253886010362, "acc_stderr,none": 0.02897908979429673}, "mmlu_high_school_macroeconomics": {"alias": "  - high_school_macroeconomics", "acc,none": 0.18974358974358974, "acc_stderr,none": 0.019880165406588785}, "mmlu_high_school_microeconomics": {"alias": "  - high_school_microeconomics", "acc,none": 0.23949579831932774, "acc_stderr,none": 0.027722065493361252}, "mmlu_high_school_psychology": {"alias": "  - high_school_psychology", "acc,none": 0.22568807339449543, "acc_stderr,none": 0.01792308766780305}, "mmlu_human_sexuality": {"alias": "  - human_sexuality", "acc,none": 0.22137404580152673, "acc_stderr,none": 0.03641297081313729}, "mmlu_professional_psychology": {"alias": "  - professional_psychology", "acc,none": 0.2875816993464052, "acc_stderr,none": 0.018311653053648222}, "mmlu_public_relations": {"alias": "  - public_relations", "acc,none": 0.24545454545454545, "acc_stderr,none": 0.04122066502878284}, "mmlu_security_studies": {"alias": "  - security_studies", "acc,none": 0.20816326530612245, "acc_stderr,none": 0.025991117672813296}, "mmlu_sociology": {"alias": "  - sociology", "acc,none": 0.21890547263681592, "acc_stderr,none": 0.029239174636647}, "mmlu_us_foreign_policy": {"alias": "  - us_foreign_policy", "acc,none": 0.29, "acc_stderr,none": 0.04560480215720683}, "mmlu_stem": {"acc,none": 0.23723437995559785, "acc_stderr,none": 0.007559160647973234, "alias": " - stem"}, "mmlu_abstract_algebra": {"alias": "  - abstract_algebra", "acc,none": 0.21, "acc_stderr,none": 0.040936018074033256}, "mmlu_anatomy": {"alias": "  - anatomy", "acc,none": 0.32592592592592595, "acc_stderr,none": 0.040491220417025055}, "mmlu_astronomy": {"alias": "  - astronomy", "acc,none": 0.19078947368421054, "acc_stderr,none": 0.031975658210325}, "mmlu_college_biology": {"alias": "  - college_biology", "acc,none": 0.2569444444444444, "acc_stderr,none": 0.03653946969442099}, "mmlu_college_chemistry": {"alias": "  - college_chemistry", "acc,none": 0.17, "acc_stderr,none": 0.0377525168068637}, "mmlu_college_computer_science": {"alias": "  - college_computer_science", "acc,none": 0.17, "acc_stderr,none": 0.03775251680686371}, "mmlu_college_mathematics": {"alias": "  - college_mathematics", "acc,none": 0.18, "acc_stderr,none": 0.038612291966536955}, "mmlu_college_physics": {"alias": "  - college_physics", "acc,none": 0.21568627450980393, "acc_stderr,none": 0.04092563958237655}, "mmlu_computer_security": {"alias": "  - computer_security", "acc,none": 0.3, "acc_stderr,none": 0.046056618647183814}, "mmlu_conceptual_physics": {"alias": "  - conceptual_physics", "acc,none": 0.2765957446808511, "acc_stderr,none": 0.02924188386962882}, "mmlu_electrical_engineering": {"alias": "  - electrical_engineering", "acc,none": 0.2689655172413793, "acc_stderr,none": 0.036951833116502325}, "mmlu_elementary_mathematics": {"alias": "  - elementary_mathematics", "acc,none": 0.24074074074074073, "acc_stderr,none": 0.022019080012217893}, "mmlu_high_school_biology": {"alias": "  - high_school_biology", "acc,none": 0.19032258064516128, "acc_stderr,none": 0.02233170761182308},