{"results": {"arc_challenge": {"alias": "arc_challenge", "acc,none": 0.19795221843003413, "acc_stderr,none": 0.011643990971573386, "acc_norm,none": 0.24829351535836178, "acc_norm_stderr,none": 0.012624912868089748}, "gsm8k": {"alias": "gsm8k", "exact_match,strict-match": 0.001516300227445034, "exact_match_stderr,strict-match": 0.0010717793485492649, "exact_match,flexible-extract": 0.017437452615617893, "exact_match_stderr,flexible-extract": 0.0036054868679982434}, "hellaswag": {"alias": "hellaswag", "acc,none": 0.27394941246763593, "acc_stderr,none": 0.004450718673552652, "acc_norm,none": 0.2804222266480781, "acc_norm_stderr,none": 0.004482874732237336}, "mmlu": {"acc,none": 0.23230309072781655, "acc_stderr,none": 0.0035584162155374915, "alias": "mmlu"}, "mmlu_humanities": {"acc,none": 0.2314558979808714, "acc_stderr,none": 0.006146879024463208, "alias": " - humanities"}, "mmlu_formal_logic": {"alias": "  - formal_logic", "acc,none": 0.18253968253968253, "acc_stderr,none": 0.034550710191021475}, "mmlu_high_school_european_history": {"alias": "  - high_school_european_history", "acc,none": 0.3090909090909091, "acc_stderr,none": 0.036085410115739666}, "mmlu_high_school_us_history": {"alias": "  - high_school_us_history", "acc,none": 0.2107843137254902, "acc_stderr,none": 0.028626547912437388}, "mmlu_high_school_world_history": {"alias": "  - high_school_world_history", "acc,none": 0.24472573839662448, "acc_stderr,none": 0.027985699387036423}, "mmlu_international_law": {"alias": "  - international_law", "acc,none": 0.23140495867768596, "acc_stderr,none": 0.038498560987940904}, "mmlu_jurisprudence": {"alias": "  - jurisprudence", "acc,none": 0.25, "acc_stderr,none": 0.04186091791394607}, "mmlu_logical_fallacies": {"alias": "  - logical_fallacies", "acc,none": 0.24539877300613497, "acc_stderr,none": 0.03380939813943353}, "mmlu_moral_disputes": {"alias": "  - moral_disputes", "acc,none": 0.24855491329479767, "acc_stderr,none": 0.023267528432100174}, "mmlu_moral_scenarios": {"alias": "  - moral_scenarios", "acc,none": 0.24022346368715083, "acc_stderr,none": 0.014288343803925307}, "mmlu_philosophy": {"alias": "  - philosophy", "acc,none": 0.1832797427652733, "acc_stderr,none": 0.0219741988482658}, "mmlu_prehistory": {"alias": "  - prehistory", "acc,none": 0.19753086419753085, "acc_stderr,none": 0.02215288992789896}, "mmlu_professional_law": {"alias": "  - professional_law", "acc,none": 0.23076923076923078, "acc_stderr,none": 0.010760840584471685}, "mmlu_world_religions": {"alias": "  - world_religions", "acc,none": 0.25146198830409355, "acc_stderr,none": 0.033275044238468436}, "mmlu_other": {"acc,none": 0.2500804634695848, "acc_stderr,none": 0.007755645283605945, "alias": " - other"}, "mmlu_business_ethics": {"alias": "  - business_ethics", "acc,none": 0.32, "acc_stderr,none": 0.04688261722621505}, "mmlu_clinical_knowledge": {"alias": "  - clinical_knowledge", "acc,none": 0.2339622641509434, "acc_stderr,none": 0.02605529690115292}, "mmlu_college_medicine": {"alias": "  - college_medicine", "acc,none": 0.23121387283236994, "acc_stderr,none": 0.0321473730202947}, "mmlu_global_facts": {"alias": "  - global_facts", "acc,none": 0.3, "acc_stderr,none": 0.046056618647183814}, "mmlu_human_aging": {"alias": "  - human_aging", "acc,none": 0.3273542600896861, "acc_stderr,none": 0.03149384670994131}, "mmlu_management": {"alias": "  - management", "acc,none": 0.1941747572815534, "acc_stderr,none": 0.03916667762822585}, "mmlu_marketing": {"alias": "  - marketing", "acc,none": 0.24786324786324787, "acc_stderr,none": 0.028286324075564393}, "mmlu_medical_genetics": {"alias": "  - medical_genetics", "acc,none": 0.22, "acc_stderr,none": 0.041633319989322695}, "mmlu_miscellaneous": {"alias": "  - miscellaneous", "acc,none": 0.23243933588761176, "acc_stderr,none": 0.015104550008905707}, "mmlu_nutrition": {"alias": "  - nutrition", "acc,none": 0.24183006535947713, "acc_stderr,none": 0.024518195641879334}, "mmlu_professional_accounting": {"alias": "  - professional_accounting", "acc,none": 0.2765957446808511, "acc_stderr,none": 0.026684564340460994}, "mmlu_professional_medicine": {"alias": "  - professional_medicine", "acc,none": 0.19852941176470587, "acc_stderr,none": 0.0242310133705411}, "mmlu_virology": {"alias": "  - virology", "acc,none": 0.3132530120481928, "acc_stderr,none": 0.03610805018031023}, "mmlu_social_sciences": {"acc,none": 0.22294442638934026, "acc_stderr,none": 0.007502942152155918, "alias": " - social sciences"}, "mmlu_econometrics": {"alias": "  - econometrics", "acc,none": 0.2543859649122807, "acc_stderr,none": 0.04096985139843669}, "mmlu_high_school_geography": {"alias": "  - high_school_geography", "acc,none": 0.2222222222222222, "acc_stderr,none": 0.029620227874790482}, "mmlu_high_school_government_and_politics": {"alias": "  - high_school_government_and_politics", "acc,none": 0.16062176165803108, "acc_stderr,none": 0.026499057701397443}, "mmlu_high_school_macroeconomics": {"alias": "  - high_school_macroeconomics", "acc,none": 0.20256410256410257, "acc_stderr,none": 0.02037766097037137}, "mmlu_high_school_microeconomics": {"alias": "  - high_school_microeconomics", "acc,none": 0.23529411764705882, "acc_stderr,none": 0.02755361446786379}, "mmlu_high_school_psychology": {"alias": "  - high_school_psychology", "acc,none": 0.21284403669724772, "acc_stderr,none": 0.017549376389313694}, "mmlu_human_sexuality": {"alias": "  - human_sexuality", "acc,none": 0.2366412213740458, "acc_stderr,none": 0.0372767357559692}, "mmlu_professional_psychology": {"alias": "  - professional_psychology", "acc,none": 0.23529411764705882, "acc_stderr,none": 0.01716058723504635}, "mmlu_public_relations": {"alias": "  - public_relations", "acc,none": 0.2818181818181818, "acc_stderr,none": 0.04309118709946459}, "mmlu_security_studies": {"alias": "  - security_studies", "acc,none": 0.19591836734693877, "acc_stderr,none": 0.025409301953225678}, "mmlu_sociology": {"alias": "  - sociology", "acc,none": 0.24875621890547264, "acc_stderr,none": 0.030567675938916718}, "mmlu_us_foreign_policy": {"alias": "  - us_foreign_policy", "acc,none": 0.27, "acc_stderr,none": 0.0446196043338474}, "mmlu_stem": {"acc,none": 0.22518236600063432, "acc_stderr,none": 0.007415233611956929, "alias": " - stem"}, "mmlu_abstract_algebra": {"alias": "  - abstract_algebra", "acc,none": 0.15, "acc_stderr,none": 0.035887028128263714}, "mmlu_anatomy": {"alias": "  - anatomy", "acc,none": 0.2222222222222222, "acc_stderr,none": 0.035914440841969694}, "mmlu_astronomy": {"alias": "  - astronomy", "acc,none": 0.17763157894736842, "acc_stderr,none": 0.031103182383123387}, "mmlu_college_biology": {"alias": "  - college_biology", "acc,none": 0.2777777777777778, "acc_stderr,none": 0.03745554791462457}, "mmlu_college_chemistry": {"alias": "  - college_chemistry", "acc,none": 0.17, "acc_stderr,none": 0.0377525168068637}, "mmlu_college_computer_science": {"alias": "  - college_computer_science", "acc,none": 0.22, "acc_stderr,none": 0.04163331998932269}, "mmlu_college_mathematics": {"alias": "  - college_mathematics", "acc,none": 0.26, "acc_stderr,none": 0.04408440022768078}, "mmlu_college_physics": {"alias": "  - college_physics", "acc,none": 0.3333333333333333, "acc_stderr,none": 0.04690650298201943}, "mmlu_computer_security": {"alias": "  - computer_security", "acc,none": 0.29, "acc_stderr,none": 0.045604802157206845}, "mmlu_conceptual_physics": {"alias": "  - conceptual_physics", "acc,none": 0.22127659574468084, "acc_stderr,none": 0.02713634960242405}, "mmlu_electrical_engineering": {"alias": "  - electrical_engineering", "acc,none": 0.23448275862068965, "acc_stderr,none": 0.035306258743465914}, "mmlu_elementary_mathematics": {"alias": "  - elementary_mathematics", "acc,none": 0.18783068783068782, "acc_stderr,none": 0.02011573414152111}, "mmlu_high_school_biology": {"alias": "  - high_school_biology", "acc,none": 0.22580645161290322, "acc_stderr,none": 0.023785577884181012},