{"results": {"arc_challenge": {"alias": "arc_challenge", "acc,none": 0.23976109215017063, "acc_stderr,none": 0.012476304127453946, "acc_norm,none": 0.2781569965870307, "acc_norm_stderr,none": 0.013094469919538809}, "gsm8k": {"alias": "gsm8k", "exact_match,strict-match": 0.02047005307050796, "exact_match_stderr,strict-match": 0.003900413385915724, "exact_match,flexible-extract": 0.02122820318423048, "exact_match_stderr,flexible-extract": 0.003970449129848635}, "hellaswag": {"alias": "hellaswag", "acc,none": 0.36805417247560246, "acc_stderr,none": 0.004812905279066438, "acc_norm,none": 0.4529974108743278, "acc_norm_stderr,none": 0.004967685204073113}, "mmlu": {"acc,none": 0.24590514171770403, "acc_stderr,none": 0.003630774197623129, "alias": "mmlu"}, "mmlu_humanities": {"acc,none": 0.25292242295430395, "acc_stderr,none": 0.006338394765765354, "alias": " - humanities"}, "mmlu_formal_logic": {"alias": "  - formal_logic", "acc,none": 0.23809523809523808, "acc_stderr,none": 0.0380952380952381}, "mmlu_high_school_european_history": {"alias": "  - high_school_european_history", "acc,none": 0.2727272727272727, "acc_stderr,none": 0.03477691162163659}, "mmlu_high_school_us_history": {"alias": "  - high_school_us_history", "acc,none": 0.23039215686274508, "acc_stderr,none": 0.02955429260569506}, "mmlu_high_school_world_history": {"alias": "  - high_school_world_history", "acc,none": 0.23628691983122363, "acc_stderr,none": 0.02765215314415927}, "mmlu_international_law": {"alias": "  - international_law", "acc,none": 0.256198347107438, "acc_stderr,none": 0.03984979653302872}, "mmlu_jurisprudence": {"alias": "  - jurisprudence", "acc,none": 0.2962962962962963, "acc_stderr,none": 0.04414343666854933}, "mmlu_logical_fallacies": {"alias": "  - logical_fallacies", "acc,none": 0.2883435582822086, "acc_stderr,none": 0.035590395316173425}, "mmlu_moral_disputes": {"alias": "  - moral_disputes", "acc,none": 0.28901734104046245, "acc_stderr,none": 0.024405173935783234}, "mmlu_moral_scenarios": {"alias": "  - moral_scenarios", "acc,none": 0.2446927374301676, "acc_stderr,none": 0.014378169884098407}, "mmlu_philosophy": {"alias": "  - philosophy", "acc,none": 0.2090032154340836, "acc_stderr,none": 0.02309314039837422}, "mmlu_prehistory": {"alias": "  - prehistory", "acc,none": 0.24074074074074073, "acc_stderr,none": 0.023788583551658537}, "mmlu_professional_law": {"alias": "  - professional_law", "acc,none": 0.2620599739243807, "acc_stderr,none": 0.011231552795890392}, "mmlu_world_religions": {"alias": "  - world_religions", "acc,none": 0.2222222222222222, "acc_stderr,none": 0.03188578017686399}, "mmlu_other": {"acc,none": 0.25426456388799484, "acc_stderr,none": 0.007797380132457877, "alias": " - other"}, "mmlu_business_ethics": {"alias": "  - business_ethics", "acc,none": 0.3, "acc_stderr,none": 0.046056618647183814}, "mmlu_clinical_knowledge": {"alias": "  - clinical_knowledge", "acc,none": 0.2830188679245283, "acc_stderr,none": 0.027724236492700904}, "mmlu_college_medicine": {"alias": "  - college_medicine", "acc,none": 0.24277456647398843, "acc_stderr,none": 0.0326926380614177}, "mmlu_global_facts": {"alias": "  - global_facts", "acc,none": 0.22, "acc_stderr,none": 0.04163331998932269}, "mmlu_human_aging": {"alias": "  - human_aging", "acc,none": 0.336322869955157, "acc_stderr,none": 0.031708824268455}, "mmlu_management": {"alias": "  - management", "acc,none": 0.24271844660194175, "acc_stderr,none": 0.04245022486384495}, "mmlu_marketing": {"alias": "  - marketing", "acc,none": 0.2564102564102564, "acc_stderr,none": 0.02860595370200425}, "mmlu_medical_genetics": {"alias": "  - medical_genetics", "acc,none": 0.28, "acc_stderr,none": 0.04512608598542127}, "mmlu_miscellaneous": {"alias": "  - miscellaneous", "acc,none": 0.26947637292464877, "acc_stderr,none": 0.01586624307321504}, "mmlu_nutrition": {"alias": "  - nutrition", "acc,none": 0.1895424836601307, "acc_stderr,none": 0.022442358263336213}, "mmlu_professional_accounting": {"alias": "  - professional_accounting", "acc,none": 0.23049645390070922, "acc_stderr,none": 0.025123739226872405}, "mmlu_professional_medicine": {"alias": "  - professional_medicine", "acc,none": 0.19852941176470587, "acc_stderr,none": 0.024231013370541087}, "mmlu_virology": {"alias": "  - virology", "acc,none": 0.2710843373493976, "acc_stderr,none": 0.03460579907553027}, "mmlu_social_sciences": {"acc,none": 0.23756906077348067, "acc_stderr,none": 0.007670618943794922, "alias": " - social sciences"}, "mmlu_econometrics": {"alias": "  - econometrics", "acc,none": 0.17543859649122806, "acc_stderr,none": 0.0357795481394837}, "mmlu_high_school_geography": {"alias": "  - high_school_geography", "acc,none": 0.2777777777777778, "acc_stderr,none": 0.031911782267135466}, "mmlu_high_school_government_and_politics": {"alias": "  - high_school_government_and_politics", "acc,none": 0.22279792746113988, "acc_stderr,none": 0.03003114797764154}, "mmlu_high_school_macroeconomics": {"alias": "  - high_school_macroeconomics", "acc,none": 0.24871794871794872, "acc_stderr,none": 0.021916957709213803}, "mmlu_high_school_microeconomics": {"alias": "  - high_school_microeconomics", "acc,none": 0.2184873949579832, "acc_stderr,none": 0.02684151432295895}, "mmlu_high_school_psychology": {"alias": "  - high_school_psychology", "acc,none": 0.20733944954128442, "acc_stderr,none": 0.017381415563608664}, "mmlu_human_sexuality": {"alias": "  - human_sexuality", "acc,none": 0.25190839694656486, "acc_stderr,none": 0.038073871163060866}, "mmlu_professional_psychology": {"alias": "  - professional_psychology", "acc,none": 0.2679738562091503, "acc_stderr,none": 0.017917974069594726}, "mmlu_public_relations": {"alias": "  - public_relations", "acc,none": 0.21818181818181817, "acc_stderr,none": 0.03955932861795833}, "mmlu_security_studies": {"alias": "  - security_studies", "acc,none": 0.21224489795918366, "acc_stderr,none": 0.026176967197866767}, "mmlu_sociology": {"alias": "  - sociology", "acc,none": 0.24875621890547264, "acc_stderr,none": 0.030567675938916714}, "mmlu_us_foreign_policy": {"alias": "  - us_foreign_policy", "acc,none": 0.28, "acc_stderr,none": 0.04512608598542127}, "mmlu_stem": {"acc,none": 0.2353314303837615, "acc_stderr,none": 0.007544667119072526, "alias": " - stem"}, "mmlu_abstract_algebra": {"alias": "  - abstract_algebra", "acc,none": 0.27, "acc_stderr,none": 0.04461960433384741}, "mmlu_anatomy": {"alias": "  - anatomy", "acc,none": 0.23703703703703705, "acc_stderr,none": 0.03673731683969506}, "mmlu_astronomy": {"alias": "  - astronomy", "acc,none": 0.14473684210526316, "acc_stderr,none": 0.0286319518459304}, "mmlu_college_biology": {"alias": "  - college_biology", "acc,none": 0.2638888888888889, "acc_stderr,none": 0.03685651095897532}, "mmlu_college_chemistry": {"alias": "  - college_chemistry", "acc,none": 0.22, "acc_stderr,none": 0.04163331998932269}, "mmlu_college_computer_science": {"alias": "  - college_computer_science", "acc,none": 0.24, "acc_stderr,none": 0.04292346959909284}, "mmlu_college_mathematics": {"alias": "  - college_mathematics", "acc,none": 0.28, "acc_stderr,none": 0.045126085985421276}, "mmlu_college_physics": {"alias": "  - college_physics", "acc,none": 0.1568627450980392, "acc_stderr,none": 0.03618664819936245}, "mmlu_computer_security": {"alias": "  - computer_security", "acc,none": 0.29, "acc_stderr,none": 0.045604802157206845}, "mmlu_conceptual_physics": {"alias": "  - conceptual_physics", "acc,none": 0.26382978723404255, "acc_stderr,none": 0.028809989854102973}, "mmlu_electrical_engineering": {"alias": "  - electrical_engineering", "acc,none": 0.2482758620689655, "acc_stderr,none": 0.036001056927277696}, "mmlu_elementary_mathematics": {"alias": "  - elementary_mathematics", "acc,none": 0.23544973544973544, "acc_stderr,none": 0.021851509822031708}, "mmlu_high_school_biology": {"alias": "  - high_school_biology", "acc,none": 0.2161290322580645, "acc_stderr,none": 0.023415293433568525},