{"results": {"arc_challenge": {"alias": "arc_challenge", "acc,none": 0.21245733788395904, "acc_stderr,none": 0.011953482906582949, "acc_norm,none": 0.2551194539249147, "acc_norm_stderr,none": 0.012739038695202104}, "gsm8k": {"alias": "gsm8k", "exact_match,strict-match": 0.006823351023502654, "exact_match_stderr,strict-match": 0.0022675371022544844, "exact_match,flexible-extract": 0.02122820318423048, "exact_match_stderr,flexible-extract": 0.003970449129848635}, "hellaswag": {"alias": "hellaswag", "acc,none": 0.32991435968930494, "acc_stderr,none": 0.004692208279690606, "acc_norm,none": 0.38329018123879705, "acc_norm_stderr,none": 0.004851944170671247}, "mmlu": {"acc,none": 0.23422589374732944, "acc_stderr,none": 0.0035728102831239046, "alias": "mmlu"}, "mmlu_humanities": {"acc,none": 0.2412327311370882, "acc_stderr,none": 0.006242616840642514, "alias": " - humanities"}, "mmlu_formal_logic": {"alias": "  - formal_logic", "acc,none": 0.23015873015873015, "acc_stderr,none": 0.03764950879790605}, "mmlu_high_school_european_history": {"alias": "  - high_school_european_history", "acc,none": 0.24242424242424243, "acc_stderr,none": 0.03346409881055953}, "mmlu_high_school_us_history": {"alias": "  - high_school_us_history", "acc,none": 0.2696078431372549, "acc_stderr,none": 0.03114557065948678}, "mmlu_high_school_world_history": {"alias": "  - high_school_world_history", "acc,none": 0.22362869198312235, "acc_stderr,none": 0.027123298205229972}, "mmlu_international_law": {"alias": "  - international_law", "acc,none": 0.24793388429752067, "acc_stderr,none": 0.039418975265163005}, "mmlu_jurisprudence": {"alias": "  - jurisprudence", "acc,none": 0.23148148148148148, "acc_stderr,none": 0.04077494709252626}, "mmlu_logical_fallacies": {"alias": "  - logical_fallacies", "acc,none": 0.25766871165644173, "acc_stderr,none": 0.03436150827846917}, "mmlu_moral_disputes": {"alias": "  - moral_disputes", "acc,none": 0.20809248554913296, "acc_stderr,none": 0.0218552552634218}, "mmlu_moral_scenarios": {"alias": "  - moral_scenarios", "acc,none": 0.24581005586592178, "acc_stderr,none": 0.014400296429225592}, "mmlu_philosophy": {"alias": "  - philosophy", "acc,none": 0.2379421221864952, "acc_stderr,none": 0.024185150647818704}, "mmlu_prehistory": {"alias": "  - prehistory", "acc,none": 0.25308641975308643, "acc_stderr,none": 0.024191808600713}, "mmlu_professional_law": {"alias": "  - professional_law", "acc,none": 0.2392438070404172, "acc_stderr,none": 0.01089612365267666}, "mmlu_world_religions": {"alias": "  - world_religions", "acc,none": 0.26900584795321636, "acc_stderr,none": 0.0340105262010409}, "mmlu_other": {"acc,none": 0.24332153202446088, "acc_stderr,none": 0.007699538303493234, "alias": " - other"}, "mmlu_business_ethics": {"alias": "  - business_ethics", "acc,none": 0.25, "acc_stderr,none": 0.04351941398892446}, "mmlu_clinical_knowledge": {"alias": "  - clinical_knowledge", "acc,none": 0.24150943396226415, "acc_stderr,none": 0.026341480371118352}, "mmlu_college_medicine": {"alias": "  - college_medicine", "acc,none": 0.21965317919075145, "acc_stderr,none": 0.031568093627031744}, "mmlu_global_facts": {"alias": "  - global_facts", "acc,none": 0.21, "acc_stderr,none": 0.040936018074033256}, "mmlu_human_aging": {"alias": "  - human_aging", "acc,none": 0.273542600896861, "acc_stderr,none": 0.029918586707798827}, "mmlu_management": {"alias": "  - management", "acc,none": 0.17475728155339806, "acc_stderr,none": 0.037601780060266224}, "mmlu_marketing": {"alias": "  - marketing", "acc,none": 0.26495726495726496, "acc_stderr,none": 0.028911208802749465}, "mmlu_medical_genetics": {"alias": "  - medical_genetics", "acc,none": 0.28, "acc_stderr,none": 0.04512608598542128}, "mmlu_miscellaneous": {"alias": "  - miscellaneous", "acc,none": 0.2503192848020434, "acc_stderr,none": 0.015491088951494588}, "mmlu_nutrition": {"alias": "  - nutrition", "acc,none": 0.21895424836601307, "acc_stderr,none": 0.02367908986180772}, "mmlu_professional_accounting": {"alias": "  - professional_accounting", "acc,none": 0.26595744680851063, "acc_stderr,none": 0.026358065698880592}, "mmlu_professional_medicine": {"alias": "  - professional_medicine", "acc,none": 0.20220588235294118, "acc_stderr,none": 0.024398192986654924}, "mmlu_virology": {"alias": "  - virology", "acc,none": 0.27710843373493976, "acc_stderr,none": 0.034843315926805875}, "mmlu_social_sciences": {"acc,none": 0.2252193695157621, "acc_stderr,none": 0.007516754163072191, "alias": " - social sciences"}, "mmlu_econometrics": {"alias": "  - econometrics", "acc,none": 0.17543859649122806, "acc_stderr,none": 0.03577954813948369}, "mmlu_high_school_geography": {"alias": "  - high_school_geography", "acc,none": 0.21717171717171718, "acc_stderr,none": 0.02937661648494564}, "mmlu_high_school_government_and_politics": {"alias": "  - high_school_government_and_politics", "acc,none": 0.21243523316062177, "acc_stderr,none": 0.029519282616817258}, "mmlu_high_school_macroeconomics": {"alias": "  - high_school_macroeconomics", "acc,none": 0.21025641025641026, "acc_stderr,none": 0.02066059748502693}, "mmlu_high_school_microeconomics": {"alias": "  - high_school_microeconomics", "acc,none": 0.2815126050420168, "acc_stderr,none": 0.02921354941437218}, "mmlu_high_school_psychology": {"alias": "  - high_school_psychology", "acc,none": 0.22935779816513763, "acc_stderr,none": 0.018025349724618684}, "mmlu_human_sexuality": {"alias": "  - human_sexuality", "acc,none": 0.2366412213740458, "acc_stderr,none": 0.03727673575596919}, "mmlu_professional_psychology": {"alias": "  - professional_psychology", "acc,none": 0.20915032679738563, "acc_stderr,none": 0.01645339933227933}, "mmlu_public_relations": {"alias": "  - public_relations", "acc,none": 0.2636363636363636, "acc_stderr,none": 0.04220224692971987}, "mmlu_security_studies": {"alias": "  - security_studies", "acc,none": 0.1673469387755102, "acc_stderr,none": 0.02389714476891452}, "mmlu_sociology": {"alias": "  - sociology", "acc,none": 0.2537313432835821, "acc_stderr,none": 0.030769444967296035}, "mmlu_us_foreign_policy": {"alias": "  - us_foreign_policy", "acc,none": 0.35, "acc_stderr,none": 0.0479372485441102}, "mmlu_stem": {"acc,none": 0.22359657469077068, "acc_stderr,none": 0.007417634526994056, "alias": " - stem"}, "mmlu_abstract_algebra": {"alias": "  - abstract_algebra", "acc,none": 0.25, "acc_stderr,none": 0.04351941398892446}, "mmlu_anatomy": {"alias": "  - anatomy", "acc,none": 0.22962962962962963, "acc_stderr,none": 0.03633384414073465}, "mmlu_astronomy": {"alias": "  - astronomy", "acc,none": 0.25, "acc_stderr,none": 0.03523807393012047}, "mmlu_college_biology": {"alias": "  - college_biology", "acc,none": 0.24305555555555555, "acc_stderr,none": 0.03586879280080341}, "mmlu_college_chemistry": {"alias": "  - college_chemistry", "acc,none": 0.13, "acc_stderr,none": 0.03379976689896308}, "mmlu_college_computer_science": {"alias": "  - college_computer_science", "acc,none": 0.18, "acc_stderr,none": 0.03861229196653695}, "mmlu_college_mathematics": {"alias": "  - college_mathematics", "acc,none": 0.22, "acc_stderr,none": 0.041633319989322695}, "mmlu_college_physics": {"alias": "  - college_physics", "acc,none": 0.1568627450980392, "acc_stderr,none": 0.03618664819936246}, "mmlu_computer_security": {"alias": "  - computer_security", "acc,none": 0.28, "acc_stderr,none": 0.04512608598542127}, "mmlu_conceptual_physics": {"alias": "  - conceptual_physics", "acc,none": 0.251063829787234, "acc_stderr,none": 0.028346963777162462}, "mmlu_electrical_engineering": {"alias": "  - electrical_engineering", "acc,none": 0.19310344827586207, "acc_stderr,none": 0.032894455221273995}, "mmlu_elementary_mathematics": {"alias": "  - elementary_mathematics", "acc,none": 0.23015873015873015, "acc_stderr,none": 0.021679219663693138}, "mmlu_high_school_biology": {"alias": "  - high_school_biology", "acc,none": 0.1935483870967742, "acc_stderr,none": 0.022475258525536057},