,pc_1,pc_2,pc_3
arc_challenge_acc_none,0.10132898767578546,0.04205947720647924,0.004849867232477765
gsm8k_exact_match_flexible-extract,0.28116258985530374,-0.051131969945870194,-0.014531714204399552
hellaswag_acc_none,0.07906562899808937,0.06232238170636972,-0.007178935615101541
mmlu_acc_none,0.17687399427979958,-0.0006221541974902648,0.028621688731257484
winogrande_acc_none,0.06282631545015348,0.03977426233738145,0.0005921887005582476
xwinograd_acc_none,0.07017982966199406,0.048970597279309434,-0.011317002421347148
truthfulqa_mc1_acc_none,0.043308433443016915,-0.01474495941257565,-0.0033125838492920226
