{"results": {"arc_challenge": {"alias": "arc_challenge", "acc,none": 0.25170648464163825, "acc_stderr,none": 0.012682496334042958, "acc_norm,none": 0.28924914675767915, "acc_norm_stderr,none": 0.013250012579393443}, "gsm8k": {"alias": "gsm8k", "exact_match,strict-match": 0.013646702047005308, "exact_match_stderr,strict-match": 0.0031957470754808114, "exact_match,flexible-extract": 0.024260803639120546, "exact_match_stderr,flexible-extract": 0.004238007900001383}, "hellaswag": {"alias": "hellaswag", "acc,none": 0.42650866361282613, "acc_stderr,none": 0.004935587729948864, "acc_norm,none": 0.5486954789882493, "acc_norm_stderr,none": 0.004966060995315012}, "mmlu": {"acc,none": 0.23992308787921948, "acc_stderr,none": 0.0036000949788802, "alias": "mmlu"}, "mmlu_humanities": {"acc,none": 0.24867162592986186, "acc_stderr,none": 0.006301880235083921, "alias": " - humanities"}, "mmlu_formal_logic": {"alias": "  - formal_logic", "acc,none": 0.2222222222222222, "acc_stderr,none": 0.037184890068181146}, "mmlu_high_school_european_history": {"alias": "  - high_school_european_history", "acc,none": 0.28484848484848485, "acc_stderr,none": 0.03524390844511782}, "mmlu_high_school_us_history": {"alias": "  - high_school_us_history", "acc,none": 0.30392156862745096, "acc_stderr,none": 0.03228210387037892}, "mmlu_high_school_world_history": {"alias": "  - high_school_world_history", "acc,none": 0.25316455696202533, "acc_stderr,none": 0.02830465794303529}, "mmlu_international_law": {"alias": "  - international_law", "acc,none": 0.256198347107438, "acc_stderr,none": 0.03984979653302872}, "mmlu_jurisprudence": {"alias": "  - jurisprudence", "acc,none": 0.25925925925925924, "acc_stderr,none": 0.04236511258094633}, "mmlu_logical_fallacies": {"alias": "  - logical_fallacies", "acc,none": 0.22085889570552147, "acc_stderr,none": 0.032591773927421776}, "mmlu_moral_disputes": {"alias": "  - moral_disputes", "acc,none": 0.24855491329479767, "acc_stderr,none": 0.023267528432100174}, "mmlu_moral_scenarios": {"alias": "  - moral_scenarios", "acc,none": 0.24134078212290502, "acc_stderr,none": 0.014310999547961464}, "mmlu_philosophy": {"alias": "  - philosophy", "acc,none": 0.19614147909967847, "acc_stderr,none": 0.022552447780478022}, "mmlu_prehistory": {"alias": "  - prehistory", "acc,none": 0.2345679012345679, "acc_stderr,none": 0.023576881744005723}, "mmlu_professional_law": {"alias": "  - professional_law", "acc,none": 0.2542372881355932, "acc_stderr,none": 0.011121129007840666}, "mmlu_world_religions": {"alias": "  - world_religions", "acc,none": 0.28654970760233917, "acc_stderr,none": 0.034678266857038245}, "mmlu_other": {"acc,none": 0.2574831026713872, "acc_stderr,none": 0.007844223770864599, "alias": " - other"}, "mmlu_business_ethics": {"alias": "  - business_ethics", "acc,none": 0.25, "acc_stderr,none": 0.04351941398892446}, "mmlu_clinical_knowledge": {"alias": "  - clinical_knowledge", "acc,none": 0.26037735849056604, "acc_stderr,none": 0.027008766090708097}, "mmlu_college_medicine": {"alias": "  - college_medicine", "acc,none": 0.2254335260115607, "acc_stderr,none": 0.03186209851641143}, "mmlu_global_facts": {"alias": "  - global_facts", "acc,none": 0.21, "acc_stderr,none": 0.040936018074033256}, "mmlu_human_aging": {"alias": "  - human_aging", "acc,none": 0.30493273542600896, "acc_stderr,none": 0.030898610882477515}, "mmlu_management": {"alias": "  - management", "acc,none": 0.1941747572815534, "acc_stderr,none": 0.03916667762822584}, "mmlu_marketing": {"alias": "  - marketing", "acc,none": 0.3076923076923077, "acc_stderr,none": 0.030236389942173085}, "mmlu_medical_genetics": {"alias": "  - medical_genetics", "acc,none": 0.3, "acc_stderr,none": 0.046056618647183814}, "mmlu_miscellaneous": {"alias": "  - miscellaneous", "acc,none": 0.26053639846743293, "acc_stderr,none": 0.015696008563807075}, "mmlu_nutrition": {"alias": "  - nutrition", "acc,none": 0.24183006535947713, "acc_stderr,none": 0.024518195641879334}, "mmlu_professional_accounting": {"alias": "  - professional_accounting", "acc,none": 0.24822695035460993, "acc_stderr,none": 0.025770015644290396}, "mmlu_professional_medicine": {"alias": "  - professional_medicine", "acc,none": 0.22794117647058823, "acc_stderr,none": 0.025483081468029804}, "mmlu_virology": {"alias": "  - virology", "acc,none": 0.27710843373493976, "acc_stderr,none": 0.034843315926805875}, "mmlu_social_sciences": {"acc,none": 0.22586935326616833, "acc_stderr,none": 0.007530140667816351, "alias": " - social sciences"}, "mmlu_econometrics": {"alias": "  - econometrics", "acc,none": 0.2719298245614035, "acc_stderr,none": 0.04185774424022056}, "mmlu_high_school_geography": {"alias": "  - high_school_geography", "acc,none": 0.17676767676767677, "acc_stderr,none": 0.027178752639044915}, "mmlu_high_school_government_and_politics": {"alias": "  - high_school_government_and_politics", "acc,none": 0.21243523316062177, "acc_stderr,none": 0.02951928261681727}, "mmlu_high_school_macroeconomics": {"alias": "  - high_school_macroeconomics", "acc,none": 0.2128205128205128, "acc_stderr,none": 0.020752423722128006}, "mmlu_high_school_microeconomics": {"alias": "  - high_school_microeconomics", "acc,none": 0.21008403361344538, "acc_stderr,none": 0.026461398717471874}, "mmlu_high_school_psychology": {"alias": "  - high_school_psychology", "acc,none": 0.22201834862385322, "acc_stderr,none": 0.017818849564796638}, "mmlu_human_sexuality": {"alias": "  - human_sexuality", "acc,none": 0.22900763358778625, "acc_stderr,none": 0.036853466317118506}, "mmlu_professional_psychology": {"alias": "  - professional_psychology", "acc,none": 0.2679738562091503, "acc_stderr,none": 0.017917974069594726}, "mmlu_public_relations": {"alias": "  - public_relations", "acc,none": 0.17272727272727273, "acc_stderr,none": 0.03620691833929221}, "mmlu_security_studies": {"alias": "  - security_studies", "acc,none": 0.17959183673469387, "acc_stderr,none": 0.024573293589585637}, "mmlu_sociology": {"alias": "  - sociology", "acc,none": 0.23880597014925373, "acc_stderr,none": 0.03014777593540922}, "mmlu_us_foreign_policy": {"alias": "  - us_foreign_policy", "acc,none": 0.29, "acc_stderr,none": 0.045604802157206845}, "mmlu_stem": {"acc,none": 0.22327941642879798, "acc_stderr,none": 0.007407410765727555, "alias": " - stem"}, "mmlu_abstract_algebra": {"alias": "  - abstract_algebra", "acc,none": 0.22, "acc_stderr,none": 0.04163331998932269}, "mmlu_anatomy": {"alias": "  - anatomy", "acc,none": 0.25925925925925924, "acc_stderr,none": 0.03785714465066653}, "mmlu_astronomy": {"alias": "  - astronomy", "acc,none": 0.23026315789473684, "acc_stderr,none": 0.03426059424403165}, "mmlu_college_biology": {"alias": "  - college_biology", "acc,none": 0.24305555555555555, "acc_stderr,none": 0.03586879280080341}, "mmlu_college_chemistry": {"alias": "  - college_chemistry", "acc,none": 0.19, "acc_stderr,none": 0.039427724440366234}, "mmlu_college_computer_science": {"alias": "  - college_computer_science", "acc,none": 0.26, "acc_stderr,none": 0.044084400227680794}, "mmlu_college_mathematics": {"alias": "  - college_mathematics", "acc,none": 0.21, "acc_stderr,none": 0.040936018074033256}, "mmlu_college_physics": {"alias": "  - college_physics", "acc,none": 0.2647058823529412, "acc_stderr,none": 0.04389869956808778}, "mmlu_computer_security": {"alias": "  - computer_security", "acc,none": 0.24, "acc_stderr,none": 0.042923469599092816}, "mmlu_conceptual_physics": {"alias": "  - conceptual_physics", "acc,none": 0.2723404255319149, "acc_stderr,none": 0.029101290698386698}, "mmlu_electrical_engineering": {"alias": "  - electrical_engineering", "acc,none": 0.2413793103448276, "acc_stderr,none": 0.03565998174135302}, "mmlu_elementary_mathematics": {"alias": "  - elementary_mathematics", "acc,none": 0.24867724867724866, "acc_stderr,none": 0.02226181769240016}, "mmlu_high_school_biology": {"alias": "  - high_school_biology", "acc,none": 0.18064516129032257, "acc_stderr,none": 0.021886178567172534},