{"results": {"arc_challenge": {"alias": "arc_challenge", "acc,none": 0.19965870307167236, "acc_stderr,none": 0.011681625756888662, "acc_norm,none": 0.24061433447098976, "acc_norm_stderr,none": 0.012491468532390578}, "gsm8k": {"alias": "gsm8k", "exact_match,strict-match": 0.0, "exact_match_stderr,strict-match": 0.0, "exact_match,flexible-extract": 0.003032600454890068, "exact_match_stderr,flexible-extract": 0.0015145735612245494}, "hellaswag": {"alias": "hellaswag", "acc,none": 0.279326827325234, "acc_stderr,none": 0.004477514681328167, "acc_norm,none": 0.28828918542123083, "acc_norm_stderr,none": 0.004520406331084044}, "mmlu": {"acc,none": 0.2466885059108389, "acc_stderr,none": 0.003636176786021951, "alias": "mmlu"}, "mmlu_humanities": {"acc,none": 0.25759829968119025, "acc_stderr,none": 0.0063710074645650155, "alias": " - humanities"}, "mmlu_formal_logic": {"alias": "  - formal_logic", "acc,none": 0.31746031746031744, "acc_stderr,none": 0.041634530313028585}, "mmlu_high_school_european_history": {"alias": "  - high_school_european_history", "acc,none": 0.22424242424242424, "acc_stderr,none": 0.03256866661681102}, "mmlu_high_school_us_history": {"alias": "  - high_school_us_history", "acc,none": 0.2549019607843137, "acc_stderr,none": 0.030587591351604236}, "mmlu_high_school_world_history": {"alias": "  - high_school_world_history", "acc,none": 0.2742616033755274, "acc_stderr,none": 0.02904133351059804}, "mmlu_international_law": {"alias": "  - international_law", "acc,none": 0.2644628099173554, "acc_stderr,none": 0.040261875275912046}, "mmlu_jurisprudence": {"alias": "  - jurisprudence", "acc,none": 0.25925925925925924, "acc_stderr,none": 0.04236511258094633}, "mmlu_logical_fallacies": {"alias": "  - logical_fallacies", "acc,none": 0.22085889570552147, "acc_stderr,none": 0.032591773927421776}, "mmlu_moral_disputes": {"alias": "  - moral_disputes", "acc,none": 0.2947976878612717, "acc_stderr,none": 0.024547617794803828}, "mmlu_moral_scenarios": {"alias": "  - moral_scenarios", "acc,none": 0.2670391061452514, "acc_stderr,none": 0.014796502622562555}, "mmlu_philosophy": {"alias": "  - philosophy", "acc,none": 0.19935691318327975, "acc_stderr,none": 0.022691033780549656}, "mmlu_prehistory": {"alias": "  - prehistory", "acc,none": 0.2006172839506173, "acc_stderr,none": 0.022282313949774868}, "mmlu_professional_law": {"alias": "  - professional_law", "acc,none": 0.26727509778357234, "acc_stderr,none": 0.011302607515637525}, "mmlu_world_religions": {"alias": "  - world_religions", "acc,none": 0.2573099415204678, "acc_stderr,none": 0.03352799844161865}, "mmlu_other": {"acc,none": 0.2507241712262633, "acc_stderr,none": 0.0077746461469142365, "alias": " - other"}, "mmlu_business_ethics": {"alias": "  - business_ethics", "acc,none": 0.2, "acc_stderr,none": 0.04020151261036844}, "mmlu_clinical_knowledge": {"alias": "  - clinical_knowledge", "acc,none": 0.25660377358490566, "acc_stderr,none": 0.026880647889051985}, "mmlu_college_medicine": {"alias": "  - college_medicine", "acc,none": 0.23121387283236994, "acc_stderr,none": 0.032147373020294696}, "mmlu_global_facts": {"alias": "  - global_facts", "acc,none": 0.28, "acc_stderr,none": 0.04512608598542127}, "mmlu_human_aging": {"alias": "  - human_aging", "acc,none": 0.23766816143497757, "acc_stderr,none": 0.028568079464714277}, "mmlu_management": {"alias": "  - management", "acc,none": 0.21359223300970873, "acc_stderr,none": 0.04058042015646034}, "mmlu_marketing": {"alias": "  - marketing", "acc,none": 0.26495726495726496, "acc_stderr,none": 0.02891120880274947}, "mmlu_medical_genetics": {"alias": "  - medical_genetics", "acc,none": 0.32, "acc_stderr,none": 0.046882617226215034}, "mmlu_miscellaneous": {"alias": "  - miscellaneous", "acc,none": 0.2681992337164751, "acc_stderr,none": 0.015842430835269438}, "mmlu_nutrition": {"alias": "  - nutrition", "acc,none": 0.22549019607843138, "acc_stderr,none": 0.023929155517351287}, "mmlu_professional_accounting": {"alias": "  - professional_accounting", "acc,none": 0.2695035460992908, "acc_stderr,none": 0.02646903681859062}, "mmlu_professional_medicine": {"alias": "  - professional_medicine", "acc,none": 0.1948529411764706, "acc_stderr,none": 0.024060599423487424}, "mmlu_virology": {"alias": "  - virology", "acc,none": 0.27710843373493976, "acc_stderr,none": 0.034843315926805875}, "mmlu_social_sciences": {"acc,none": 0.23886902827429315, "acc_stderr,none": 0.007692828016158604, "alias": " - social sciences"}, "mmlu_econometrics": {"alias": "  - econometrics", "acc,none": 0.24561403508771928, "acc_stderr,none": 0.04049339297748139}, "mmlu_high_school_geography": {"alias": "  - high_school_geography", "acc,none": 0.21212121212121213, "acc_stderr,none": 0.029126522834586815}, "mmlu_high_school_government_and_politics": {"alias": "  - high_school_government_and_politics", "acc,none": 0.22797927461139897, "acc_stderr,none": 0.03027690994517825}, "mmlu_high_school_macroeconomics": {"alias": "  - high_school_macroeconomics", "acc,none": 0.24358974358974358, "acc_stderr,none": 0.02176373368417391}, "mmlu_high_school_microeconomics": {"alias": "  - high_school_microeconomics", "acc,none": 0.25630252100840334, "acc_stderr,none": 0.028359620870533953}, "mmlu_high_school_psychology": {"alias": "  - high_school_psychology", "acc,none": 0.24954128440366974, "acc_stderr,none": 0.018553897629501624}, "mmlu_human_sexuality": {"alias": "  - human_sexuality", "acc,none": 0.2900763358778626, "acc_stderr,none": 0.03980066246467766}, "mmlu_professional_psychology": {"alias": "  - professional_psychology", "acc,none": 0.22058823529411764, "acc_stderr,none": 0.016774672365468524}, "mmlu_public_relations": {"alias": "  - public_relations", "acc,none": 0.2545454545454545, "acc_stderr,none": 0.04172343038705383}, "mmlu_security_studies": {"alias": "  - security_studies", "acc,none": 0.20408163265306123, "acc_stderr,none": 0.025801283475090503}, "mmlu_sociology": {"alias": "  - sociology", "acc,none": 0.25870646766169153, "acc_stderr,none": 0.03096590312357301}, "mmlu_us_foreign_policy": {"alias": "  - us_foreign_policy", "acc,none": 0.26, "acc_stderr,none": 0.04408440022768078}, "mmlu_stem": {"acc,none": 0.2340627973358706, "acc_stderr,none": 0.007536244823025038, "alias": " - stem"}, "mmlu_abstract_algebra": {"alias": "  - abstract_algebra", "acc,none": 0.18, "acc_stderr,none": 0.03861229196653694}, "mmlu_anatomy": {"alias": "  - anatomy", "acc,none": 0.3037037037037037, "acc_stderr,none": 0.03972552884785137}, "mmlu_astronomy": {"alias": "  - astronomy", "acc,none": 0.20394736842105263, "acc_stderr,none": 0.03279000406310052}, "mmlu_college_biology": {"alias": "  - college_biology", "acc,none": 0.2569444444444444, "acc_stderr,none": 0.03653946969442099}, "mmlu_college_chemistry": {"alias": "  - college_chemistry", "acc,none": 0.3, "acc_stderr,none": 0.046056618647183814}, "mmlu_college_computer_science": {"alias": "  - college_computer_science", "acc,none": 0.25, "acc_stderr,none": 0.04351941398892446}, "mmlu_college_mathematics": {"alias": "  - college_mathematics", "acc,none": 0.22, "acc_stderr,none": 0.0416333199893227}, "mmlu_college_physics": {"alias": "  - college_physics", "acc,none": 0.17647058823529413, "acc_stderr,none": 0.03793281185307811}, "mmlu_computer_security": {"alias": "  - computer_security", "acc,none": 0.3, "acc_stderr,none": 0.046056618647183814}, "mmlu_conceptual_physics": {"alias": "  - conceptual_physics", "acc,none": 0.2553191489361702, "acc_stderr,none": 0.028504856470514196}, "mmlu_electrical_engineering": {"alias": "  - electrical_engineering", "acc,none": 0.2, "acc_stderr,none": 0.033333333333333284}, "mmlu_elementary_mathematics": {"alias": "  - elementary_mathematics", "acc,none": 0.25132275132275134, "acc_stderr,none": 0.022340482339643895}, "mmlu_high_school_biology": {"alias": "  - high_school_biology", "acc,none": 0.2161290322580645, "acc_stderr,none": 0.02341529343356852}, "mmlu_high_school_chemistry": {"alias": "  - high_school_chemistry",