{"results": {"arc_challenge": {"alias": "arc_challenge", "acc,none": 0.31143344709897613, "acc_stderr,none": 0.013532472099850942, "acc_norm,none": 0.35580204778157, "acc_norm_stderr,none": 0.013990571137918758}, "gsm8k": {"alias": "gsm8k", "exact_match,strict-match": 0.0667172100075815, "exact_match_stderr,strict-match": 0.006873340544455123, "exact_match,flexible-extract": 0.06974981046247157, "exact_match_stderr,flexible-extract": 0.007016389571013843}, "hellaswag": {"alias": "hellaswag", "acc,none": 0.4366660027882892, "acc_stderr,none": 0.004949589567678881, "acc_norm,none": 0.5571599283011353, "acc_norm_stderr,none": 0.004957068377516474}, "mmlu": {"acc,none": 0.30038456060390256, "acc_stderr,none": 0.003855739423339552, "alias": "mmlu"}, "mmlu_humanities": {"acc,none": 0.2824654622741764, "acc_stderr,none": 0.006545342429892136, "alias": " - humanities"}, "mmlu_formal_logic": {"alias": "  - formal_logic", "acc,none": 0.2777777777777778, "acc_stderr,none": 0.04006168083848877}, "mmlu_high_school_european_history": {"alias": "  - high_school_european_history", "acc,none": 0.2909090909090909, "acc_stderr,none": 0.03546563019624336}, "mmlu_high_school_us_history": {"alias": "  - high_school_us_history", "acc,none": 0.28921568627450983, "acc_stderr,none": 0.03182231867647555}, "mmlu_high_school_world_history": {"alias": "  - high_school_world_history", "acc,none": 0.3291139240506329, "acc_stderr,none": 0.030587326294702354}, "mmlu_international_law": {"alias": "  - international_law", "acc,none": 0.38016528925619836, "acc_stderr,none": 0.04431324501968432}, "mmlu_jurisprudence": {"alias": "  - jurisprudence", "acc,none": 0.3333333333333333, "acc_stderr,none": 0.04557239513497752}, "mmlu_logical_fallacies": {"alias": "  - logical_fallacies", "acc,none": 0.31901840490797545, "acc_stderr,none": 0.03661997551073836}, "mmlu_moral_disputes": {"alias": "  - moral_disputes", "acc,none": 0.30057803468208094, "acc_stderr,none": 0.024685316867257803}, "mmlu_moral_scenarios": {"alias": "  - moral_scenarios", "acc,none": 0.21787709497206703, "acc_stderr,none": 0.01380621178073298}, "mmlu_philosophy": {"alias": "  - philosophy", "acc,none": 0.3408360128617363, "acc_stderr,none": 0.02692084126077616}, "mmlu_prehistory": {"alias": "  - prehistory", "acc,none": 0.32098765432098764, "acc_stderr,none": 0.025976566010862734}, "mmlu_professional_law": {"alias": "  - professional_law", "acc,none": 0.27053455019556716, "acc_stderr,none": 0.011345996743539253}, "mmlu_world_religions": {"alias": "  - world_religions", "acc,none": 0.2982456140350877, "acc_stderr,none": 0.03508771929824563}, "mmlu_other": {"acc,none": 0.3353717412294818, "acc_stderr,none": 0.008450967206592204, "alias": " - other"}, "mmlu_business_ethics": {"alias": "  - business_ethics", "acc,none": 0.25, "acc_stderr,none": 0.04351941398892446}, "mmlu_clinical_knowledge": {"alias": "  - clinical_knowledge", "acc,none": 0.33584905660377357, "acc_stderr,none": 0.02906722014664483}, "mmlu_college_medicine": {"alias": "  - college_medicine", "acc,none": 0.2774566473988439, "acc_stderr,none": 0.03414014007044036}, "mmlu_global_facts": {"alias": "  - global_facts", "acc,none": 0.23, "acc_stderr,none": 0.04229525846816508}, "mmlu_human_aging": {"alias": "  - human_aging", "acc,none": 0.28699551569506726, "acc_stderr,none": 0.03036037971029195}, "mmlu_management": {"alias": "  - management", "acc,none": 0.34951456310679613, "acc_stderr,none": 0.04721188506097172}, "mmlu_marketing": {"alias": "  - marketing", "acc,none": 0.38461538461538464, "acc_stderr,none": 0.031871953479424654}, "mmlu_medical_genetics": {"alias": "  - medical_genetics", "acc,none": 0.37, "acc_stderr,none": 0.04852365870939099}, "mmlu_miscellaneous": {"alias": "  - miscellaneous", "acc,none": 0.3767560664112388, "acc_stderr,none": 0.01732829290730305}, "mmlu_nutrition": {"alias": "  - nutrition", "acc,none": 0.3627450980392157, "acc_stderr,none": 0.027530078447110314}, "mmlu_professional_accounting": {"alias": "  - professional_accounting", "acc,none": 0.32269503546099293, "acc_stderr,none": 0.02788913930053479}, "mmlu_professional_medicine": {"alias": "  - professional_medicine", "acc,none": 0.3235294117647059, "acc_stderr,none": 0.02841820861940679}, "mmlu_virology": {"alias": "  - virology", "acc,none": 0.2710843373493976, "acc_stderr,none": 0.03460579907553027}, "mmlu_social_sciences": {"acc,none": 0.31881702957426067, "acc_stderr,none": 0.008390433263897023, "alias": " - social sciences"}, "mmlu_econometrics": {"alias": "  - econometrics", "acc,none": 0.19298245614035087, "acc_stderr,none": 0.037124548537213684}, "mmlu_high_school_geography": {"alias": "  - high_school_geography", "acc,none": 0.2828282828282828, "acc_stderr,none": 0.032087795587867514}, "mmlu_high_school_government_and_politics": {"alias": "  - high_school_government_and_politics", "acc,none": 0.34196891191709844, "acc_stderr,none": 0.034234651001042844}, "mmlu_high_school_macroeconomics": {"alias": "  - high_school_macroeconomics", "acc,none": 0.3076923076923077, "acc_stderr,none": 0.0234009289183105}, "mmlu_high_school_microeconomics": {"alias": "  - high_school_microeconomics", "acc,none": 0.29411764705882354, "acc_stderr,none": 0.029597329730978082}, "mmlu_high_school_psychology": {"alias": "  - high_school_psychology", "acc,none": 0.3559633027522936, "acc_stderr,none": 0.020528559278244214}, "mmlu_human_sexuality": {"alias": "  - human_sexuality", "acc,none": 0.2595419847328244, "acc_stderr,none": 0.03844876139785271}, "mmlu_professional_psychology": {"alias": "  - professional_psychology", "acc,none": 0.3333333333333333, "acc_stderr,none": 0.0190709855896875}, "mmlu_public_relations": {"alias": "  - public_relations", "acc,none": 0.32727272727272727, "acc_stderr,none": 0.04494290866252089}, "mmlu_security_studies": {"alias": "  - security_studies", "acc,none": 0.2979591836734694, "acc_stderr,none": 0.029279567411065677}, "mmlu_sociology": {"alias": "  - sociology", "acc,none": 0.3681592039800995, "acc_stderr,none": 0.03410410565495302}, "mmlu_us_foreign_policy": {"alias": "  - us_foreign_policy", "acc,none": 0.32, "acc_stderr,none": 0.046882617226215034}, "mmlu_stem": {"acc,none": 0.2746590548683793, "acc_stderr,none": 0.007941718793257401, "alias": " - stem"}, "mmlu_abstract_algebra": {"alias": "  - abstract_algebra", "acc,none": 0.29, "acc_stderr,none": 0.04560480215720684}, "mmlu_anatomy": {"alias": "  - anatomy", "acc,none": 0.2962962962962963, "acc_stderr,none": 0.03944624162501116}, "mmlu_astronomy": {"alias": "  - astronomy", "acc,none": 0.3157894736842105, "acc_stderr,none": 0.037827289808654685}, "mmlu_college_biology": {"alias": "  - college_biology", "acc,none": 0.3055555555555556, "acc_stderr,none": 0.03852084696008534}, "mmlu_college_chemistry": {"alias": "  - college_chemistry", "acc,none": 0.21, "acc_stderr,none": 0.040936018074033256}, "mmlu_college_computer_science": {"alias": "  - college_computer_science", "acc,none": 0.3, "acc_stderr,none": 0.046056618647183814}, "mmlu_college_mathematics": {"alias": "  - college_mathematics", "acc,none": 0.21, "acc_stderr,none": 0.04093601807403326}, "mmlu_college_physics": {"alias": "  - college_physics", "acc,none": 0.2549019607843137, "acc_stderr,none": 0.04336432707993179}, "mmlu_computer_security": {"alias": "  - computer_security", "acc,none": 0.28, "acc_stderr,none": 0.04512608598542127}, "mmlu_conceptual_physics": {"alias": "  - conceptual_physics", "acc,none": 0.3276595744680851, "acc_stderr,none": 0.030683020843231004}, "mmlu_electrical_engineering": {"alias": "  - electrical_engineering", "acc,none": 0.32413793103448274, "acc_stderr,none": 0.03900432069185554}, "mmlu_elementary_mathematics": {"alias": "  - elementary_mathematics", "acc,none": 0.25396825396825395, "acc_stderr,none": 0.022418042891113942}, "mmlu_high_school_biology": {"alias": "  - high_school_biology", "acc,none": 0.3193548387096774, "acc_stderr,none": 0.026522709674667775},