{"results": {"arc_challenge": {"alias": "arc_challenge", "acc,none": 0.2977815699658703, "acc_stderr,none": 0.013363080107244484, "acc_norm,none": 0.3054607508532423, "acc_norm_stderr,none": 0.013460080478002505}, "gsm8k": {"alias": "gsm8k", "exact_match,strict-match": 0.024260803639120546, "exact_match_stderr,strict-match": 0.0042380079000014035, "exact_match,flexible-extract": 0.05458680818802123, "exact_match_stderr,flexible-extract": 0.006257444037912526}, "hellaswag": {"alias": "hellaswag", "acc,none": 0.4415455088627763, "acc_stderr,none": 0.004955564650016167, "acc_norm,none": 0.5800637323242382, "acc_norm_stderr,none": 0.004925394995490114}, "mmlu": {"acc,none": 0.24619000142429853, "acc_stderr,none": 0.003635179473909253, "alias": "mmlu"}, "mmlu_humanities": {"acc,none": 0.255047821466525, "acc_stderr,none": 0.006357539550661472, "alias": " - humanities"}, "mmlu_formal_logic": {"alias": "  - formal_logic", "acc,none": 0.3333333333333333, "acc_stderr,none": 0.04216370213557835}, "mmlu_high_school_european_history": {"alias": "  - high_school_european_history", "acc,none": 0.26666666666666666, "acc_stderr,none": 0.03453131801885415}, "mmlu_high_school_us_history": {"alias": "  - high_school_us_history", "acc,none": 0.28431372549019607, "acc_stderr,none": 0.03166009679399813}, "mmlu_high_school_world_history": {"alias": "  - high_school_world_history", "acc,none": 0.26582278481012656, "acc_stderr,none": 0.02875679962965834}, "mmlu_international_law": {"alias": "  - international_law", "acc,none": 0.2396694214876033, "acc_stderr,none": 0.03896878985070416}, "mmlu_jurisprudence": {"alias": "  - jurisprudence", "acc,none": 0.3055555555555556, "acc_stderr,none": 0.044531975073749834}, "mmlu_logical_fallacies": {"alias": "  - logical_fallacies", "acc,none": 0.25766871165644173, "acc_stderr,none": 0.03436150827846917}, "mmlu_moral_disputes": {"alias": "  - moral_disputes", "acc,none": 0.2398843930635838, "acc_stderr,none": 0.022989592543123563}, "mmlu_moral_scenarios": {"alias": "  - moral_scenarios", "acc,none": 0.2558659217877095, "acc_stderr,none": 0.014593620923210752}, "mmlu_philosophy": {"alias": "  - philosophy", "acc,none": 0.2347266881028939, "acc_stderr,none": 0.024071805887677045}, "mmlu_prehistory": {"alias": "  - prehistory", "acc,none": 0.25617283950617287, "acc_stderr,none": 0.0242885336377261}, "mmlu_professional_law": {"alias": "  - professional_law", "acc,none": 0.24511082138200782, "acc_stderr,none": 0.010986307870045509}, "mmlu_world_religions": {"alias": "  - world_religions", "acc,none": 0.2631578947368421, "acc_stderr,none": 0.03377310252209194}, "mmlu_other": {"acc,none": 0.246218216929514, "acc_stderr,none": 0.007732268573354508, "alias": " - other"}, "mmlu_business_ethics": {"alias": "  - business_ethics", "acc,none": 0.26, "acc_stderr,none": 0.0440844002276808}, "mmlu_clinical_knowledge": {"alias": "  - clinical_knowledge", "acc,none": 0.25660377358490566, "acc_stderr,none": 0.02688064788905199}, "mmlu_college_medicine": {"alias": "  - college_medicine", "acc,none": 0.21965317919075145, "acc_stderr,none": 0.03156809362703173}, "mmlu_global_facts": {"alias": "  - global_facts", "acc,none": 0.2, "acc_stderr,none": 0.04020151261036846}, "mmlu_human_aging": {"alias": "  - human_aging", "acc,none": 0.24663677130044842, "acc_stderr,none": 0.028930413120910894}, "mmlu_management": {"alias": "  - management", "acc,none": 0.21359223300970873, "acc_stderr,none": 0.04058042015646034}, "mmlu_marketing": {"alias": "  - marketing", "acc,none": 0.27350427350427353, "acc_stderr,none": 0.02920254015343115}, "mmlu_medical_genetics": {"alias": "  - medical_genetics", "acc,none": 0.3, "acc_stderr,none": 0.046056618647183814}, "mmlu_miscellaneous": {"alias": "  - miscellaneous", "acc,none": 0.24648786717752236, "acc_stderr,none": 0.015411308769686929}, "mmlu_nutrition": {"alias": "  - nutrition", "acc,none": 0.21568627450980393, "acc_stderr,none": 0.02355083135199509}, "mmlu_professional_accounting": {"alias": "  - professional_accounting", "acc,none": 0.24822695035460993, "acc_stderr,none": 0.02577001564429039}, "mmlu_professional_medicine": {"alias": "  - professional_medicine", "acc,none": 0.2867647058823529, "acc_stderr,none": 0.02747227447323382}, "mmlu_virology": {"alias": "  - virology", "acc,none": 0.21084337349397592, "acc_stderr,none": 0.0317555478662992}, "mmlu_social_sciences": {"acc,none": 0.24049398765030874, "acc_stderr,none": 0.007698864000370738, "alias": " - social sciences"}, "mmlu_econometrics": {"alias": "  - econometrics", "acc,none": 0.2982456140350877, "acc_stderr,none": 0.043036840335373173}, "mmlu_high_school_geography": {"alias": "  - high_school_geography", "acc,none": 0.20707070707070707, "acc_stderr,none": 0.028869778460267063}, "mmlu_high_school_government_and_politics": {"alias": "  - high_school_government_and_politics", "acc,none": 0.22797927461139897, "acc_stderr,none": 0.030276909945178256}, "mmlu_high_school_macroeconomics": {"alias": "  - high_school_macroeconomics", "acc,none": 0.24358974358974358, "acc_stderr,none": 0.021763733684173912}, "mmlu_high_school_microeconomics": {"alias": "  - high_school_microeconomics", "acc,none": 0.19327731092436976, "acc_stderr,none": 0.02564947026588919}, "mmlu_high_school_psychology": {"alias": "  - high_school_psychology", "acc,none": 0.22568807339449543, "acc_stderr,none": 0.017923087667803057}, "mmlu_human_sexuality": {"alias": "  - human_sexuality", "acc,none": 0.2748091603053435, "acc_stderr,none": 0.039153454088478354}, "mmlu_professional_psychology": {"alias": "  - professional_psychology", "acc,none": 0.28104575163398693, "acc_stderr,none": 0.018185218954318086}, "mmlu_public_relations": {"alias": "  - public_relations", "acc,none": 0.21818181818181817, "acc_stderr,none": 0.03955932861795833}, "mmlu_security_studies": {"alias": "  - security_studies", "acc,none": 0.21224489795918366, "acc_stderr,none": 0.026176967197866767}, "mmlu_sociology": {"alias": "  - sociology", "acc,none": 0.21890547263681592, "acc_stderr,none": 0.029239174636647}, "mmlu_us_foreign_policy": {"alias": "  - us_foreign_policy", "acc,none": 0.29, "acc_stderr,none": 0.045604802157206845}, "mmlu_stem": {"acc,none": 0.23850301300348875, "acc_stderr,none": 0.007588443304514551, "alias": " - stem"}, "mmlu_abstract_algebra": {"alias": "  - abstract_algebra", "acc,none": 0.24, "acc_stderr,none": 0.04292346959909282}, "mmlu_anatomy": {"alias": "  - anatomy", "acc,none": 0.3037037037037037, "acc_stderr,none": 0.039725528847851375}, "mmlu_astronomy": {"alias": "  - astronomy", "acc,none": 0.2236842105263158, "acc_stderr,none": 0.03391160934343602}, "mmlu_college_biology": {"alias": "  - college_biology", "acc,none": 0.25, "acc_stderr,none": 0.03621034121889507}, "mmlu_college_chemistry": {"alias": "  - college_chemistry", "acc,none": 0.23, "acc_stderr,none": 0.04229525846816506}, "mmlu_college_computer_science": {"alias": "  - college_computer_science", "acc,none": 0.29, "acc_stderr,none": 0.045604802157206845}, "mmlu_college_mathematics": {"alias": "  - college_mathematics", "acc,none": 0.22, "acc_stderr,none": 0.04163331998932269}, "mmlu_college_physics": {"alias": "  - college_physics", "acc,none": 0.23529411764705882, "acc_stderr,none": 0.04220773659171453}, "mmlu_computer_security": {"alias": "  - computer_security", "acc,none": 0.25, "acc_stderr,none": 0.04351941398892446}, "mmlu_conceptual_physics": {"alias": "  - conceptual_physics", "acc,none": 0.26382978723404255, "acc_stderr,none": 0.028809989854102973}, "mmlu_electrical_engineering": {"alias": "  - electrical_engineering", "acc,none": 0.2206896551724138, "acc_stderr,none": 0.03455930201924811}, "mmlu_elementary_mathematics": {"alias": "  - elementary_mathematics", "acc,none": 0.21957671957671956, "acc_stderr,none": 0.021320018599770372}, "mmlu_high_school_biology": {"alias": "  - high_school_biology", "acc,none": 0.2129032258064516, "acc_stderr,none": 0.02328766512726855},