{"results": {"arc_challenge": {"alias": "arc_challenge", "acc,none": 0.21075085324232082, "acc_stderr,none": 0.01191827175485215, "acc_norm,none": 0.24573378839590443, "acc_norm_stderr,none": 0.012581033453730107}, "gsm8k": {"alias": "gsm8k", "exact_match,strict-match": 0.0, "exact_match_stderr,strict-match": 0.0, "exact_match,flexible-extract": 0.006823351023502654, "exact_match_stderr,flexible-extract": 0.0022675371022544692}, "hellaswag": {"alias": "hellaswag", "acc,none": 0.28560047799243177, "acc_stderr,none": 0.004507768029590069, "acc_norm,none": 0.291575383389763, "acc_norm_stderr,none": 0.004535589759202648}, "mmlu": {"acc,none": 0.24654607605754167, "acc_stderr,none": 0.003638374485038025, "alias": "mmlu"}, "mmlu_humanities": {"acc,none": 0.2595111583421892, "acc_stderr,none": 0.006392885306171363, "alias": " - humanities"}, "mmlu_formal_logic": {"alias": "  - formal_logic", "acc,none": 0.24603174603174602, "acc_stderr,none": 0.038522733649243183}, "mmlu_high_school_european_history": {"alias": "  - high_school_european_history", "acc,none": 0.22424242424242424, "acc_stderr,none": 0.03256866661681102}, "mmlu_high_school_us_history": {"alias": "  - high_school_us_history", "acc,none": 0.2549019607843137, "acc_stderr,none": 0.03058759135160424}, "mmlu_high_school_world_history": {"alias": "  - high_school_world_history", "acc,none": 0.2616033755274262, "acc_stderr,none": 0.028609516716994934}, "mmlu_international_law": {"alias": "  - international_law", "acc,none": 0.2975206611570248, "acc_stderr,none": 0.04173349148083499}, "mmlu_jurisprudence": {"alias": "  - jurisprudence", "acc,none": 0.3148148148148148, "acc_stderr,none": 0.04489931073591312}, "mmlu_logical_fallacies": {"alias": "  - logical_fallacies", "acc,none": 0.22699386503067484, "acc_stderr,none": 0.03291099578615769}, "mmlu_moral_disputes": {"alias": "  - moral_disputes", "acc,none": 0.2514450867052023, "acc_stderr,none": 0.02335736578587403}, "mmlu_moral_scenarios": {"alias": "  - moral_scenarios", "acc,none": 0.28156424581005585, "acc_stderr,none": 0.015042290171866132}, "mmlu_philosophy": {"alias": "  - philosophy", "acc,none": 0.22508038585209003, "acc_stderr,none": 0.023720088516179034}, "mmlu_prehistory": {"alias": "  - prehistory", "acc,none": 0.2623456790123457, "acc_stderr,none": 0.02447722285613511}, "mmlu_professional_law": {"alias": "  - professional_law", "acc,none": 0.25358539765319427, "acc_stderr,none": 0.011111715336101129}, "mmlu_world_religions": {"alias": "  - world_religions", "acc,none": 0.28654970760233917, "acc_stderr,none": 0.03467826685703826}, "mmlu_other": {"acc,none": 0.2423559703894432, "acc_stderr,none": 0.007689338314395886, "alias": " - other"}, "mmlu_business_ethics": {"alias": "  - business_ethics", "acc,none": 0.3, "acc_stderr,none": 0.046056618647183814}, "mmlu_clinical_knowledge": {"alias": "  - clinical_knowledge", "acc,none": 0.20754716981132076, "acc_stderr,none": 0.02495991802891127}, "mmlu_college_medicine": {"alias": "  - college_medicine", "acc,none": 0.21965317919075145, "acc_stderr,none": 0.031568093627031744}, "mmlu_global_facts": {"alias": "  - global_facts", "acc,none": 0.19, "acc_stderr,none": 0.039427724440366234}, "mmlu_human_aging": {"alias": "  - human_aging", "acc,none": 0.25112107623318386, "acc_stderr,none": 0.029105220833224626}, "mmlu_management": {"alias": "  - management", "acc,none": 0.18446601941747573, "acc_stderr,none": 0.03840423627288276}, "mmlu_marketing": {"alias": "  - marketing", "acc,none": 0.27350427350427353, "acc_stderr,none": 0.02920254015343118}, "mmlu_medical_genetics": {"alias": "  - medical_genetics", "acc,none": 0.21, "acc_stderr,none": 0.04093601807403326}, "mmlu_miscellaneous": {"alias": "  - miscellaneous", "acc,none": 0.26053639846743293, "acc_stderr,none": 0.015696008563807092}, "mmlu_nutrition": {"alias": "  - nutrition", "acc,none": 0.22549019607843138, "acc_stderr,none": 0.023929155517351273}, "mmlu_professional_accounting": {"alias": "  - professional_accounting", "acc,none": 0.2375886524822695, "acc_stderr,none": 0.025389512552729903}, "mmlu_professional_medicine": {"alias": "  - professional_medicine", "acc,none": 0.25, "acc_stderr,none": 0.026303648393696036}, "mmlu_virology": {"alias": "  - virology", "acc,none": 0.25903614457831325, "acc_stderr,none": 0.03410646614071856}, "mmlu_social_sciences": {"acc,none": 0.24439389015274618, "acc_stderr,none": 0.00775230742183265, "alias": " - social sciences"}, "mmlu_econometrics": {"alias": "  - econometrics", "acc,none": 0.23684210526315788, "acc_stderr,none": 0.03999423879281336}, "mmlu_high_school_geography": {"alias": "  - high_school_geography", "acc,none": 0.22727272727272727, "acc_stderr,none": 0.029857515673386414}, "mmlu_high_school_government_and_politics": {"alias": "  - high_school_government_and_politics", "acc,none": 0.22797927461139897, "acc_stderr,none": 0.030276909945178256}, "mmlu_high_school_macroeconomics": {"alias": "  - high_school_macroeconomics", "acc,none": 0.2358974358974359, "acc_stderr,none": 0.021525965407408726}, "mmlu_high_school_microeconomics": {"alias": "  - high_school_microeconomics", "acc,none": 0.28991596638655465, "acc_stderr,none": 0.029472485833136094}, "mmlu_high_school_psychology": {"alias": "  - high_school_psychology", "acc,none": 0.24403669724770644, "acc_stderr,none": 0.01841528635141641}, "mmlu_human_sexuality": {"alias": "  - human_sexuality", "acc,none": 0.22900763358778625, "acc_stderr,none": 0.036853466317118506}, "mmlu_professional_psychology": {"alias": "  - professional_psychology", "acc,none": 0.2679738562091503, "acc_stderr,none": 0.017917974069594726}, "mmlu_public_relations": {"alias": "  - public_relations", "acc,none": 0.2545454545454545, "acc_stderr,none": 0.041723430387053825}, "mmlu_security_studies": {"alias": "  - security_studies", "acc,none": 0.20816326530612245, "acc_stderr,none": 0.02599111767281329}, "mmlu_sociology": {"alias": "  - sociology", "acc,none": 0.22388059701492538, "acc_stderr,none": 0.02947525023601718}, "mmlu_us_foreign_policy": {"alias": "  - us_foreign_policy", "acc,none": 0.24, "acc_stderr,none": 0.04292346959909284}, "mmlu_stem": {"acc,none": 0.23342848081192516, "acc_stderr,none": 0.007542905774509739, "alias": " - stem"}, "mmlu_abstract_algebra": {"alias": "  - abstract_algebra", "acc,none": 0.18, "acc_stderr,none": 0.038612291966536955}, "mmlu_anatomy": {"alias": "  - anatomy", "acc,none": 0.24444444444444444, "acc_stderr,none": 0.037125378336148644}, "mmlu_astronomy": {"alias": "  - astronomy", "acc,none": 0.16447368421052633, "acc_stderr,none": 0.0301675334686327}, "mmlu_college_biology": {"alias": "  - college_biology", "acc,none": 0.2638888888888889, "acc_stderr,none": 0.03685651095897532}, "mmlu_college_chemistry": {"alias": "  - college_chemistry", "acc,none": 0.23, "acc_stderr,none": 0.04229525846816505}, "mmlu_college_computer_science": {"alias": "  - college_computer_science", "acc,none": 0.27, "acc_stderr,none": 0.044619604333847394}, "mmlu_college_mathematics": {"alias": "  - college_mathematics", "acc,none": 0.24, "acc_stderr,none": 0.04292346959909283}, "mmlu_college_physics": {"alias": "  - college_physics", "acc,none": 0.23529411764705882, "acc_stderr,none": 0.04220773659171452}, "mmlu_computer_security": {"alias": "  - computer_security", "acc,none": 0.25, "acc_stderr,none": 0.04351941398892446}, "mmlu_conceptual_physics": {"alias": "  - conceptual_physics", "acc,none": 0.24680851063829787, "acc_stderr,none": 0.028185441301234102}, "mmlu_electrical_engineering": {"alias": "  - electrical_engineering", "acc,none": 0.2206896551724138, "acc_stderr,none": 0.034559302019248124}, "mmlu_elementary_mathematics": {"alias": "  - elementary_mathematics", "acc,none": 0.23809523809523808, "acc_stderr,none": 0.021935878081184756}, "mmlu_high_school_biology": {"alias": "  - high_school_biology", "acc,none": 0.23548387096774193, "acc_stderr,none": 0.02413763242933771}, "mmlu_high_school_chemistry": {"alias": "  - high_school_chemistry",