{"results": {"arc_challenge": {"alias": "arc_challenge", "acc,none": 0.23378839590443687, "acc_stderr,none": 0.012368225378507151, "acc_norm,none": 0.26535836177474403, "acc_norm_stderr,none": 0.012902554762313966}, "gsm8k": {"alias": "gsm8k", "exact_match,strict-match": 0.00530705079605762, "exact_match_stderr,strict-match": 0.002001305720948036, "exact_match,flexible-extract": 0.016679302501895376, "exact_match_stderr,flexible-extract": 0.0035275958887224465}, "hellaswag": {"alias": "hellaswag", "acc,none": 0.35680143397729536, "acc_stderr,none": 0.0047807644434113205, "acc_norm,none": 0.4329814777932683, "acc_norm_stderr,none": 0.004944755230598356}, "mmlu": {"acc,none": 0.252955419455918, "acc_stderr,none": 0.0036690508703190977, "alias": "mmlu"}, "mmlu_humanities": {"acc,none": 0.2558979808714134, "acc_stderr,none": 0.006364589279187813, "alias": " - humanities"}, "mmlu_formal_logic": {"alias": "  - formal_logic", "acc,none": 0.20634920634920634, "acc_stderr,none": 0.0361960452412425}, "mmlu_high_school_european_history": {"alias": "  - high_school_european_history", "acc,none": 0.296969696969697, "acc_stderr,none": 0.03567969772268047}, "mmlu_high_school_us_history": {"alias": "  - high_school_us_history", "acc,none": 0.25980392156862747, "acc_stderr,none": 0.030778554678693257}, "mmlu_high_school_world_history": {"alias": "  - high_school_world_history", "acc,none": 0.2320675105485232, "acc_stderr,none": 0.027479744550808503}, "mmlu_international_law": {"alias": "  - international_law", "acc,none": 0.2644628099173554, "acc_stderr,none": 0.040261875275912046}, "mmlu_jurisprudence": {"alias": "  - jurisprudence", "acc,none": 0.32407407407407407, "acc_stderr,none": 0.04524596007030049}, "mmlu_logical_fallacies": {"alias": "  - logical_fallacies", "acc,none": 0.2392638036809816, "acc_stderr,none": 0.03351953879521269}, "mmlu_moral_disputes": {"alias": "  - moral_disputes", "acc,none": 0.2658959537572254, "acc_stderr,none": 0.023786203255508283}, "mmlu_moral_scenarios": {"alias": "  - moral_scenarios", "acc,none": 0.25139664804469275, "acc_stderr,none": 0.014508979453553977}, "mmlu_philosophy": {"alias": "  - philosophy", "acc,none": 0.2379421221864952, "acc_stderr,none": 0.024185150647818707}, "mmlu_prehistory": {"alias": "  - prehistory", "acc,none": 0.24382716049382716, "acc_stderr,none": 0.023891879541959607}, "mmlu_professional_law": {"alias": "  - professional_law", "acc,none": 0.258148631029987, "acc_stderr,none": 0.011176923719313394}, "mmlu_world_religions": {"alias": "  - world_religions", "acc,none": 0.28654970760233917, "acc_stderr,none": 0.034678266857038266}, "mmlu_other": {"acc,none": 0.2513678789829417, "acc_stderr,none": 0.007776050519960278, "alias": " - other"}, "mmlu_business_ethics": {"alias": "  - business_ethics", "acc,none": 0.15, "acc_stderr,none": 0.0358870281282637}, "mmlu_clinical_knowledge": {"alias": "  - clinical_knowledge", "acc,none": 0.24150943396226415, "acc_stderr,none": 0.02634148037111835}, "mmlu_college_medicine": {"alias": "  - college_medicine", "acc,none": 0.2658959537572254, "acc_stderr,none": 0.03368762932259431}, "mmlu_global_facts": {"alias": "  - global_facts", "acc,none": 0.29, "acc_stderr,none": 0.04560480215720684}, "mmlu_human_aging": {"alias": "  - human_aging", "acc,none": 0.2600896860986547, "acc_stderr,none": 0.029442495585857476}, "mmlu_management": {"alias": "  - management", "acc,none": 0.22330097087378642, "acc_stderr,none": 0.04123553189891431}, "mmlu_marketing": {"alias": "  - marketing", "acc,none": 0.28205128205128205, "acc_stderr,none": 0.029480360549541194}, "mmlu_medical_genetics": {"alias": "  - medical_genetics", "acc,none": 0.31, "acc_stderr,none": 0.04648231987117316}, "mmlu_miscellaneous": {"alias": "  - miscellaneous", "acc,none": 0.26181353767560667, "acc_stderr,none": 0.01572083867844526}, "mmlu_nutrition": {"alias": "  - nutrition", "acc,none": 0.24183006535947713, "acc_stderr,none": 0.024518195641879334}, "mmlu_professional_accounting": {"alias": "  - professional_accounting", "acc,none": 0.2872340425531915, "acc_stderr,none": 0.026992199173064356}, "mmlu_professional_medicine": {"alias": "  - professional_medicine", "acc,none": 0.19852941176470587, "acc_stderr,none": 0.0242310133705411}, "mmlu_virology": {"alias": "  - virology", "acc,none": 0.21084337349397592, "acc_stderr,none": 0.03175554786629917}, "mmlu_social_sciences": {"acc,none": 0.24861878453038674, "acc_stderr,none": 0.007795149960023423, "alias": " - social sciences"}, "mmlu_econometrics": {"alias": "  - econometrics", "acc,none": 0.2982456140350877, "acc_stderr,none": 0.04303684033537316}, "mmlu_high_school_geography": {"alias": "  - high_school_geography", "acc,none": 0.23737373737373738, "acc_stderr,none": 0.030313710538198913}, "mmlu_high_school_government_and_politics": {"alias": "  - high_school_government_and_politics", "acc,none": 0.24352331606217617, "acc_stderr,none": 0.03097543638684542}, "mmlu_high_school_macroeconomics": {"alias": "  - high_school_macroeconomics", "acc,none": 0.23846153846153847, "acc_stderr,none": 0.021606294494647727}, "mmlu_high_school_microeconomics": {"alias": "  - high_school_microeconomics", "acc,none": 0.226890756302521, "acc_stderr,none": 0.027205371538279486}, "mmlu_high_school_psychology": {"alias": "  - high_school_psychology", "acc,none": 0.23302752293577983, "acc_stderr,none": 0.018125669180861496}, "mmlu_human_sexuality": {"alias": "  - human_sexuality", "acc,none": 0.21374045801526717, "acc_stderr,none": 0.0359546161177469}, "mmlu_professional_psychology": {"alias": "  - professional_psychology", "acc,none": 0.2549019607843137, "acc_stderr,none": 0.017630827375148383}, "mmlu_public_relations": {"alias": "  - public_relations", "acc,none": 0.24545454545454545, "acc_stderr,none": 0.04122066502878285}, "mmlu_security_studies": {"alias": "  - security_studies", "acc,none": 0.31020408163265306, "acc_stderr,none": 0.02961345987248438}, "mmlu_sociology": {"alias": "  - sociology", "acc,none": 0.25870646766169153, "acc_stderr,none": 0.030965903123573005}, "mmlu_us_foreign_policy": {"alias": "  - us_foreign_policy", "acc,none": 0.24, "acc_stderr,none": 0.042923469599092816}, "mmlu_stem": {"acc,none": 0.25436092610212496, "acc_stderr,none": 0.007759925873554728, "alias": " - stem"}, "mmlu_abstract_algebra": {"alias": "  - abstract_algebra", "acc,none": 0.22, "acc_stderr,none": 0.041633319989322695}, "mmlu_anatomy": {"alias": "  - anatomy", "acc,none": 0.31851851851851853, "acc_stderr,none": 0.04024778401977108}, "mmlu_astronomy": {"alias": "  - astronomy", "acc,none": 0.2565789473684211, "acc_stderr,none": 0.0355418036802569}, "mmlu_college_biology": {"alias": "  - college_biology", "acc,none": 0.2569444444444444, "acc_stderr,none": 0.03653946969442099}, "mmlu_college_chemistry": {"alias": "  - college_chemistry", "acc,none": 0.19, "acc_stderr,none": 0.039427724440366234}, "mmlu_college_computer_science": {"alias": "  - college_computer_science", "acc,none": 0.25, "acc_stderr,none": 0.04351941398892446}, "mmlu_college_mathematics": {"alias": "  - college_mathematics", "acc,none": 0.24, "acc_stderr,none": 0.042923469599092816}, "mmlu_college_physics": {"alias": "  - college_physics", "acc,none": 0.2647058823529412, "acc_stderr,none": 0.043898699568087785}, "mmlu_computer_security": {"alias": "  - computer_security", "acc,none": 0.28, "acc_stderr,none": 0.04512608598542126}, "mmlu_conceptual_physics": {"alias": "  - conceptual_physics", "acc,none": 0.2978723404255319, "acc_stderr,none": 0.029896145682095455}, "mmlu_electrical_engineering": {"alias": "  - electrical_engineering", "acc,none": 0.20689655172413793, "acc_stderr,none": 0.03375672449560554}, "mmlu_elementary_mathematics": {"alias": "  - elementary_mathematics", "acc,none": 0.24338624338624337, "acc_stderr,none": 0.022101128787415415}, "mmlu_high_school_biology": {"alias": "  - high_school_biology", "acc,none": 0.26129032258064516, "acc_stderr,none": 0.024993053397764815},