{"results": {"arc_challenge": {"alias": "arc_challenge", "acc,none": 0.18686006825938567, "acc_stderr,none": 0.011391015649694395, "acc_norm,none": 0.23378839590443687, "acc_norm_stderr,none": 0.012368225378507158}, "gsm8k": {"alias": "gsm8k", "exact_match,strict-match": 0.0, "exact_match_stderr,strict-match": 0.0, "exact_match,flexible-extract": 0.008339651250947688, "exact_match_stderr,flexible-extract": 0.0025049422268605135}, "hellaswag": {"alias": "hellaswag", "acc,none": 0.2725552678749253, "acc_stderr,none": 0.004443639394177404, "acc_norm,none": 0.27972515435172274, "acc_norm_stderr,none": 0.004479467619464801}, "mmlu": {"acc,none": 0.23429710867397807, "acc_stderr,none": 0.0035677121951126333, "alias": "mmlu"}, "mmlu_humanities": {"acc,none": 0.23910733262486716, "acc_stderr,none": 0.006211278500200169, "alias": " - humanities"}, "mmlu_formal_logic": {"alias": "  - formal_logic", "acc,none": 0.2619047619047619, "acc_stderr,none": 0.039325376803928704}, "mmlu_high_school_european_history": {"alias": "  - high_school_european_history", "acc,none": 0.2787878787878788, "acc_stderr,none": 0.03501438706296781}, "mmlu_high_school_us_history": {"alias": "  - high_school_us_history", "acc,none": 0.2549019607843137, "acc_stderr,none": 0.030587591351604233}, "mmlu_high_school_world_history": {"alias": "  - high_school_world_history", "acc,none": 0.26582278481012656, "acc_stderr,none": 0.02875679962965834}, "mmlu_international_law": {"alias": "  - international_law", "acc,none": 0.23140495867768596, "acc_stderr,none": 0.038498560987940904}, "mmlu_jurisprudence": {"alias": "  - jurisprudence", "acc,none": 0.2037037037037037, "acc_stderr,none": 0.03893542518824847}, "mmlu_logical_fallacies": {"alias": "  - logical_fallacies", "acc,none": 0.2147239263803681, "acc_stderr,none": 0.03226219377286774}, "mmlu_moral_disputes": {"alias": "  - moral_disputes", "acc,none": 0.2514450867052023, "acc_stderr,none": 0.023357365785874037}, "mmlu_moral_scenarios": {"alias": "  - moral_scenarios", "acc,none": 0.22793296089385476, "acc_stderr,none": 0.014030149950805097}, "mmlu_philosophy": {"alias": "  - philosophy", "acc,none": 0.1639871382636656, "acc_stderr,none": 0.021029576464662685}, "mmlu_prehistory": {"alias": "  - prehistory", "acc,none": 0.22530864197530864, "acc_stderr,none": 0.02324620264781975}, "mmlu_professional_law": {"alias": "  - professional_law", "acc,none": 0.2438070404172099, "acc_stderr,none": 0.010966507972178477}, "mmlu_world_religions": {"alias": "  - world_religions", "acc,none": 0.3333333333333333, "acc_stderr,none": 0.036155076303109365}, "mmlu_other": {"acc,none": 0.2507241712262633, "acc_stderr,none": 0.0077591610987104275, "alias": " - other"}, "mmlu_business_ethics": {"alias": "  - business_ethics", "acc,none": 0.37, "acc_stderr,none": 0.048523658709391}, "mmlu_clinical_knowledge": {"alias": "  - clinical_knowledge", "acc,none": 0.21132075471698114, "acc_stderr,none": 0.025125766484827852}, "mmlu_college_medicine": {"alias": "  - college_medicine", "acc,none": 0.23121387283236994, "acc_stderr,none": 0.0321473730202947}, "mmlu_global_facts": {"alias": "  - global_facts", "acc,none": 0.2, "acc_stderr,none": 0.040201512610368445}, "mmlu_human_aging": {"alias": "  - human_aging", "acc,none": 0.2914798206278027, "acc_stderr,none": 0.030500283176545906}, "mmlu_management": {"alias": "  - management", "acc,none": 0.13592233009708737, "acc_stderr,none": 0.03393295729761011}, "mmlu_marketing": {"alias": "  - marketing", "acc,none": 0.2905982905982906, "acc_stderr,none": 0.029745048572674057}, "mmlu_medical_genetics": {"alias": "  - medical_genetics", "acc,none": 0.3, "acc_stderr,none": 0.046056618647183814}, "mmlu_miscellaneous": {"alias": "  - miscellaneous", "acc,none": 0.2554278416347382, "acc_stderr,none": 0.015594955384455772}, "mmlu_nutrition": {"alias": "  - nutrition", "acc,none": 0.24836601307189543, "acc_stderr,none": 0.02473998135511359}, "mmlu_professional_accounting": {"alias": "  - professional_accounting", "acc,none": 0.25177304964539005, "acc_stderr,none": 0.0258921511567094}, "mmlu_professional_medicine": {"alias": "  - professional_medicine", "acc,none": 0.21323529411764705, "acc_stderr,none": 0.024880971512294285}, "mmlu_virology": {"alias": "  - virology", "acc,none": 0.26506024096385544, "acc_stderr,none": 0.03436024037944967}, "mmlu_social_sciences": {"acc,none": 0.22554436139096523, "acc_stderr,none": 0.007527836859928185, "alias": " - social sciences"}, "mmlu_econometrics": {"alias": "  - econometrics", "acc,none": 0.2543859649122807, "acc_stderr,none": 0.04096985139843669}, "mmlu_high_school_geography": {"alias": "  - high_school_geography", "acc,none": 0.2222222222222222, "acc_stderr,none": 0.029620227874790482}, "mmlu_high_school_government_and_politics": {"alias": "  - high_school_government_and_politics", "acc,none": 0.18652849740932642, "acc_stderr,none": 0.028112091210117478}, "mmlu_high_school_macroeconomics": {"alias": "  - high_school_macroeconomics", "acc,none": 0.2358974358974359, "acc_stderr,none": 0.021525965407408726}, "mmlu_high_school_microeconomics": {"alias": "  - high_school_microeconomics", "acc,none": 0.21428571428571427, "acc_stderr,none": 0.02665353159671549}, "mmlu_high_school_psychology": {"alias": "  - high_school_psychology", "acc,none": 0.1908256880733945, "acc_stderr,none": 0.0168476764000911}, "mmlu_human_sexuality": {"alias": "  - human_sexuality", "acc,none": 0.2748091603053435, "acc_stderr,none": 0.03915345408847834}, "mmlu_professional_psychology": {"alias": "  - professional_psychology", "acc,none": 0.25980392156862747, "acc_stderr,none": 0.017740899509177795}, "mmlu_public_relations": {"alias": "  - public_relations", "acc,none": 0.20909090909090908, "acc_stderr,none": 0.03895091015724137}, "mmlu_security_studies": {"alias": "  - security_studies", "acc,none": 0.1836734693877551, "acc_stderr,none": 0.024789071332007643}, "mmlu_sociology": {"alias": "  - sociology", "acc,none": 0.22885572139303484, "acc_stderr,none": 0.029705284056772422}, "mmlu_us_foreign_policy": {"alias": "  - us_foreign_policy", "acc,none": 0.29, "acc_stderr,none": 0.045604802157206845}, "mmlu_stem": {"acc,none": 0.2194735172851253, "acc_stderr,none": 0.007356221165403192, "alias": " - stem"}, "mmlu_abstract_algebra": {"alias": "  - abstract_algebra", "acc,none": 0.23, "acc_stderr,none": 0.04229525846816506}, "mmlu_anatomy": {"alias": "  - anatomy", "acc,none": 0.1925925925925926, "acc_stderr,none": 0.03406542058502652}, "mmlu_astronomy": {"alias": "  - astronomy", "acc,none": 0.17105263157894737, "acc_stderr,none": 0.03064360707167709}, "mmlu_college_biology": {"alias": "  - college_biology", "acc,none": 0.2013888888888889, "acc_stderr,none": 0.033536474697138406}, "mmlu_college_chemistry": {"alias": "  - college_chemistry", "acc,none": 0.22, "acc_stderr,none": 0.04163331998932269}, "mmlu_college_computer_science": {"alias": "  - college_computer_science", "acc,none": 0.17, "acc_stderr,none": 0.03775251680686371}, "mmlu_college_mathematics": {"alias": "  - college_mathematics", "acc,none": 0.32, "acc_stderr,none": 0.04688261722621504}, "mmlu_college_physics": {"alias": "  - college_physics", "acc,none": 0.23529411764705882, "acc_stderr,none": 0.04220773659171452}, "mmlu_computer_security": {"alias": "  - computer_security", "acc,none": 0.31, "acc_stderr,none": 0.04648231987117316}, "mmlu_conceptual_physics": {"alias": "  - conceptual_physics", "acc,none": 0.19148936170212766, "acc_stderr,none": 0.025722149992637788}, "mmlu_electrical_engineering": {"alias": "  - electrical_engineering", "acc,none": 0.27586206896551724, "acc_stderr,none": 0.037245636197746325}, "mmlu_elementary_mathematics": {"alias": "  - elementary_mathematics", "acc,none": 0.24338624338624337, "acc_stderr,none": 0.022101128787415436}, "mmlu_high_school_biology": {"alias": "  - high_school_biology", "acc,none": 0.21935483870967742, "acc_stderr,none": 0.0235407993587233}, "mmlu_high_school_chemistry": {"alias": "  - high_school_chemistry",