{"results": {"arc_challenge": {"alias": "arc_challenge", "acc,none": 0.2551194539249147, "acc_stderr,none": 0.012739038695202097, "acc_norm,none": 0.2883959044368601, "acc_norm_stderr,none": 0.013238394422428173}, "gsm8k": {"alias": "gsm8k", "exact_match,strict-match": 0.0075815011372251705, "exact_match_stderr,strict-match": 0.00238928151207724, "exact_match,flexible-extract": 0.015163002274450341, "exact_match_stderr,flexible-extract": 0.0033660229497263112}, "hellaswag": {"alias": "hellaswag", "acc,none": 0.4076877116112328, "acc_stderr,none": 0.004904002676184321, "acc_norm,none": 0.5219079864568811, "acc_norm_stderr,none": 0.004984989320648126}, "mmlu": {"acc,none": 0.2530978493092152, "acc_stderr,none": 0.0036678823398996127, "alias": "mmlu"}, "mmlu_humanities": {"acc,none": 0.2541976620616366, "acc_stderr,none": 0.006340754787230906, "alias": " - humanities"}, "mmlu_formal_logic": {"alias": "  - formal_logic", "acc,none": 0.31746031746031744, "acc_stderr,none": 0.04163453031302859}, "mmlu_high_school_european_history": {"alias": "  - high_school_european_history", "acc,none": 0.23636363636363636, "acc_stderr,none": 0.033175059300091805}, "mmlu_high_school_us_history": {"alias": "  - high_school_us_history", "acc,none": 0.30392156862745096, "acc_stderr,none": 0.03228210387037893}, "mmlu_high_school_world_history": {"alias": "  - high_school_world_history", "acc,none": 0.2911392405063291, "acc_stderr,none": 0.029571601065753374}, "mmlu_international_law": {"alias": "  - international_law", "acc,none": 0.1487603305785124, "acc_stderr,none": 0.03248470083807193}, "mmlu_jurisprudence": {"alias": "  - jurisprudence", "acc,none": 0.21296296296296297, "acc_stderr,none": 0.03957835471980981}, "mmlu_logical_fallacies": {"alias": "  - logical_fallacies", "acc,none": 0.25766871165644173, "acc_stderr,none": 0.03436150827846917}, "mmlu_moral_disputes": {"alias": "  - moral_disputes", "acc,none": 0.28034682080924855, "acc_stderr,none": 0.024182427496577605}, "mmlu_moral_scenarios": {"alias": "  - moral_scenarios", "acc,none": 0.2670391061452514, "acc_stderr,none": 0.014796502622562564}, "mmlu_philosophy": {"alias": "  - philosophy", "acc,none": 0.21543408360128619, "acc_stderr,none": 0.023350225475471414}, "mmlu_prehistory": {"alias": "  - prehistory", "acc,none": 0.2345679012345679, "acc_stderr,none": 0.023576881744005723}, "mmlu_professional_law": {"alias": "  - professional_law", "acc,none": 0.2542372881355932, "acc_stderr,none": 0.011121129007840666}, "mmlu_world_religions": {"alias": "  - world_religions", "acc,none": 0.19883040935672514, "acc_stderr,none": 0.030611116557432528}, "mmlu_other": {"acc,none": 0.2417122626327647, "acc_stderr,none": 0.007677778420920768, "alias": " - other"}, "mmlu_business_ethics": {"alias": "  - business_ethics", "acc,none": 0.22, "acc_stderr,none": 0.0416333199893227}, "mmlu_clinical_knowledge": {"alias": "  - clinical_knowledge", "acc,none": 0.24528301886792453, "acc_stderr,none": 0.026480357179895678}, "mmlu_college_medicine": {"alias": "  - college_medicine", "acc,none": 0.2254335260115607, "acc_stderr,none": 0.03186209851641144}, "mmlu_global_facts": {"alias": "  - global_facts", "acc,none": 0.22, "acc_stderr,none": 0.04163331998932269}, "mmlu_human_aging": {"alias": "  - human_aging", "acc,none": 0.23318385650224216, "acc_stderr,none": 0.028380391147094716}, "mmlu_management": {"alias": "  - management", "acc,none": 0.2524271844660194, "acc_stderr,none": 0.04301250399690878}, "mmlu_marketing": {"alias": "  - marketing", "acc,none": 0.25213675213675213, "acc_stderr,none": 0.02844796547623102}, "mmlu_medical_genetics": {"alias": "  - medical_genetics", "acc,none": 0.17, "acc_stderr,none": 0.0377525168068637}, "mmlu_miscellaneous": {"alias": "  - miscellaneous", "acc,none": 0.2413793103448276, "acc_stderr,none": 0.015302380123542103}, "mmlu_nutrition": {"alias": "  - nutrition", "acc,none": 0.26143790849673204, "acc_stderr,none": 0.025160998214292456}, "mmlu_professional_accounting": {"alias": "  - professional_accounting", "acc,none": 0.2127659574468085, "acc_stderr,none": 0.024414612974307696}, "mmlu_professional_medicine": {"alias": "  - professional_medicine", "acc,none": 0.3161764705882353, "acc_stderr,none": 0.028245687391462923}, "mmlu_virology": {"alias": "  - virology", "acc,none": 0.20481927710843373, "acc_stderr,none": 0.03141784291663926}, "mmlu_social_sciences": {"acc,none": 0.2622684432889178, "acc_stderr,none": 0.007932765856157872, "alias": " - social sciences"}, "mmlu_econometrics": {"alias": "  - econometrics", "acc,none": 0.2894736842105263, "acc_stderr,none": 0.04266339443159394}, "mmlu_high_school_geography": {"alias": "  - high_school_geography", "acc,none": 0.2474747474747475, "acc_stderr,none": 0.03074630074212451}, "mmlu_high_school_government_and_politics": {"alias": "  - high_school_government_and_politics", "acc,none": 0.22797927461139897, "acc_stderr,none": 0.030276909945178274}, "mmlu_high_school_macroeconomics": {"alias": "  - high_school_macroeconomics", "acc,none": 0.26666666666666666, "acc_stderr,none": 0.022421273612923703}, "mmlu_high_school_microeconomics": {"alias": "  - high_school_microeconomics", "acc,none": 0.2647058823529412, "acc_stderr,none": 0.02865749128507198}, "mmlu_high_school_psychology": {"alias": "  - high_school_psychology", "acc,none": 0.29541284403669726, "acc_stderr,none": 0.019560619182976}, "mmlu_human_sexuality": {"alias": "  - human_sexuality", "acc,none": 0.22900763358778625, "acc_stderr,none": 0.036853466317118506}, "mmlu_professional_psychology": {"alias": "  - professional_psychology", "acc,none": 0.2434640522875817, "acc_stderr,none": 0.01736247376214663}, "mmlu_public_relations": {"alias": "  - public_relations", "acc,none": 0.22727272727272727, "acc_stderr,none": 0.04013964554072773}, "mmlu_security_studies": {"alias": "  - security_studies", "acc,none": 0.2816326530612245, "acc_stderr,none": 0.02879518557429129}, "mmlu_sociology": {"alias": "  - sociology", "acc,none": 0.2885572139303483, "acc_stderr,none": 0.03203841040213322}, "mmlu_us_foreign_policy": {"alias": "  - us_foreign_policy", "acc,none": 0.22, "acc_stderr,none": 0.04163331998932269}, "mmlu_stem": {"acc,none": 0.2537266095781795, "acc_stderr,none": 0.007754629914697184, "alias": " - stem"}, "mmlu_abstract_algebra": {"alias": "  - abstract_algebra", "acc,none": 0.26, "acc_stderr,none": 0.04408440022768078}, "mmlu_anatomy": {"alias": "  - anatomy", "acc,none": 0.26666666666666666, "acc_stderr,none": 0.038201699145179055}, "mmlu_astronomy": {"alias": "  - astronomy", "acc,none": 0.2631578947368421, "acc_stderr,none": 0.03583496176361061}, "mmlu_college_biology": {"alias": "  - college_biology", "acc,none": 0.3194444444444444, "acc_stderr,none": 0.03899073687357335}, "mmlu_college_chemistry": {"alias": "  - college_chemistry", "acc,none": 0.23, "acc_stderr,none": 0.04229525846816505}, "mmlu_college_computer_science": {"alias": "  - college_computer_science", "acc,none": 0.28, "acc_stderr,none": 0.045126085985421276}, "mmlu_college_mathematics": {"alias": "  - college_mathematics", "acc,none": 0.25, "acc_stderr,none": 0.04351941398892446}, "mmlu_college_physics": {"alias": "  - college_physics", "acc,none": 0.18627450980392157, "acc_stderr,none": 0.038739587141493524}, "mmlu_computer_security": {"alias": "  - computer_security", "acc,none": 0.22, "acc_stderr,none": 0.041633319989322695}, "mmlu_conceptual_physics": {"alias": "  - conceptual_physics", "acc,none": 0.2765957446808511, "acc_stderr,none": 0.02924188386962882}, "mmlu_electrical_engineering": {"alias": "  - electrical_engineering", "acc,none": 0.25517241379310346, "acc_stderr,none": 0.03632984052707842}, "mmlu_elementary_mathematics": {"alias": "  - elementary_mathematics", "acc,none": 0.23809523809523808, "acc_stderr,none": 0.021935878081184756}, "mmlu_high_school_biology": {"alias": "  - high_school_biology", "acc,none": 0.2645161290322581, "acc_stderr,none": 0.02509189237885928},