{"results": {"arc_challenge": {"alias": "arc_challenge", "acc,none": 0.20392491467576793, "acc_stderr,none": 0.011774262478702254, "acc_norm,none": 0.25, "acc_norm_stderr,none": 0.012653835621466646}, "gsm8k": {"alias": "gsm8k", "exact_match,strict-match": 0.000758150113722517, "exact_match_stderr,strict-match": 0.0007581501137225295, "exact_match,flexible-extract": 0.01288855193328279, "exact_match_stderr,flexible-extract": 0.0031069012664996613}, "hellaswag": {"alias": "hellaswag", "acc,none": 0.3291177056363274, "acc_stderr,none": 0.004689324696186889, "acc_norm,none": 0.3857797251543517, "acc_norm_stderr,none": 0.004857840934549164}, "mmlu": {"acc,none": 0.22895598917533114, "acc_stderr,none": 0.0035428454843071723, "alias": "mmlu"}, "mmlu_humanities": {"acc,none": 0.23676939426142402, "acc_stderr,none": 0.006196317391221379, "alias": " - humanities"}, "mmlu_formal_logic": {"alias": "  - formal_logic", "acc,none": 0.2777777777777778, "acc_stderr,none": 0.04006168083848877}, "mmlu_high_school_european_history": {"alias": "  - high_school_european_history", "acc,none": 0.21212121212121213, "acc_stderr,none": 0.031922715695483}, "mmlu_high_school_us_history": {"alias": "  - high_school_us_history", "acc,none": 0.2549019607843137, "acc_stderr,none": 0.030587591351604236}, "mmlu_high_school_world_history": {"alias": "  - high_school_world_history", "acc,none": 0.25316455696202533, "acc_stderr,none": 0.028304657943035286}, "mmlu_international_law": {"alias": "  - international_law", "acc,none": 0.2396694214876033, "acc_stderr,none": 0.03896878985070417}, "mmlu_jurisprudence": {"alias": "  - jurisprudence", "acc,none": 0.2962962962962963, "acc_stderr,none": 0.04414343666854933}, "mmlu_logical_fallacies": {"alias": "  - logical_fallacies", "acc,none": 0.2331288343558282, "acc_stderr,none": 0.0332201579577674}, "mmlu_moral_disputes": {"alias": "  - moral_disputes", "acc,none": 0.24277456647398843, "acc_stderr,none": 0.023083658586984204}, "mmlu_moral_scenarios": {"alias": "  - moral_scenarios", "acc,none": 0.2335195530726257, "acc_stderr,none": 0.014149575348976259}, "mmlu_philosophy": {"alias": "  - philosophy", "acc,none": 0.18006430868167203, "acc_stderr,none": 0.021823422857744953}, "mmlu_prehistory": {"alias": "  - prehistory", "acc,none": 0.2037037037037037, "acc_stderr,none": 0.02240967454730418}, "mmlu_professional_law": {"alias": "  - professional_law", "acc,none": 0.2405475880052151, "acc_stderr,none": 0.010916406735478947}, "mmlu_world_religions": {"alias": "  - world_religions", "acc,none": 0.28654970760233917, "acc_stderr,none": 0.034678266857038245}, "mmlu_other": {"acc,none": 0.23624074670099773, "acc_stderr,none": 0.007615092971020228, "alias": " - other"}, "mmlu_business_ethics": {"alias": "  - business_ethics", "acc,none": 0.28, "acc_stderr,none": 0.04512608598542126}, "mmlu_clinical_knowledge": {"alias": "  - clinical_knowledge", "acc,none": 0.2037735849056604, "acc_stderr,none": 0.024790784501775413}, "mmlu_college_medicine": {"alias": "  - college_medicine", "acc,none": 0.2023121387283237, "acc_stderr,none": 0.030631145539198816}, "mmlu_global_facts": {"alias": "  - global_facts", "acc,none": 0.19, "acc_stderr,none": 0.03942772444036623}, "mmlu_human_aging": {"alias": "  - human_aging", "acc,none": 0.30493273542600896, "acc_stderr,none": 0.030898610882477515}, "mmlu_management": {"alias": "  - management", "acc,none": 0.18446601941747573, "acc_stderr,none": 0.03840423627288276}, "mmlu_marketing": {"alias": "  - marketing", "acc,none": 0.26495726495726496, "acc_stderr,none": 0.028911208802749475}, "mmlu_medical_genetics": {"alias": "  - medical_genetics", "acc,none": 0.3, "acc_stderr,none": 0.046056618647183814}, "mmlu_miscellaneous": {"alias": "  - miscellaneous", "acc,none": 0.23243933588761176, "acc_stderr,none": 0.015104550008905707}, "mmlu_nutrition": {"alias": "  - nutrition", "acc,none": 0.22549019607843138, "acc_stderr,none": 0.023929155517351284}, "mmlu_professional_accounting": {"alias": "  - professional_accounting", "acc,none": 0.23404255319148937, "acc_stderr,none": 0.025257861359432407}, "mmlu_professional_medicine": {"alias": "  - professional_medicine", "acc,none": 0.21323529411764705, "acc_stderr,none": 0.024880971512294278}, "mmlu_virology": {"alias": "  - virology", "acc,none": 0.26506024096385544, "acc_stderr,none": 0.03436024037944967}, "mmlu_social_sciences": {"acc,none": 0.22456938576535587, "acc_stderr,none": 0.0075175816047843005, "alias": " - social sciences"}, "mmlu_econometrics": {"alias": "  - econometrics", "acc,none": 0.21929824561403508, "acc_stderr,none": 0.0389243110651875}, "mmlu_high_school_geography": {"alias": "  - high_school_geography", "acc,none": 0.18181818181818182, "acc_stderr,none": 0.027479603010538804}, "mmlu_high_school_government_and_politics": {"alias": "  - high_school_government_and_politics", "acc,none": 0.20207253886010362, "acc_stderr,none": 0.02897908979429673}, "mmlu_high_school_macroeconomics": {"alias": "  - high_school_macroeconomics", "acc,none": 0.21794871794871795, "acc_stderr,none": 0.0209324457744632}, "mmlu_high_school_microeconomics": {"alias": "  - high_school_microeconomics", "acc,none": 0.2184873949579832, "acc_stderr,none": 0.026841514322958938}, "mmlu_high_school_psychology": {"alias": "  - high_school_psychology", "acc,none": 0.2018348623853211, "acc_stderr,none": 0.01720857935778758}, "mmlu_human_sexuality": {"alias": "  - human_sexuality", "acc,none": 0.22900763358778625, "acc_stderr,none": 0.036853466317118506}, "mmlu_professional_psychology": {"alias": "  - professional_psychology", "acc,none": 0.2777777777777778, "acc_stderr,none": 0.018120224251484598}, "mmlu_public_relations": {"alias": "  - public_relations", "acc,none": 0.20909090909090908, "acc_stderr,none": 0.038950910157241364}, "mmlu_security_studies": {"alias": "  - security_studies", "acc,none": 0.19591836734693877, "acc_stderr,none": 0.025409301953225678}, "mmlu_sociology": {"alias": "  - sociology", "acc,none": 0.23880597014925373, "acc_stderr,none": 0.030147775935409227}, "mmlu_us_foreign_policy": {"alias": "  - us_foreign_policy", "acc,none": 0.25, "acc_stderr,none": 0.04351941398892446}, "mmlu_stem": {"acc,none": 0.2143989850935617, "acc_stderr,none": 0.007301836832534544, "alias": " - stem"}, "mmlu_abstract_algebra": {"alias": "  - abstract_algebra", "acc,none": 0.22, "acc_stderr,none": 0.04163331998932269}, "mmlu_anatomy": {"alias": "  - anatomy", "acc,none": 0.23703703703703705, "acc_stderr,none": 0.03673731683969506}, "mmlu_astronomy": {"alias": "  - astronomy", "acc,none": 0.21052631578947367, "acc_stderr,none": 0.033176727875331574}, "mmlu_college_biology": {"alias": "  - college_biology", "acc,none": 0.2361111111111111, "acc_stderr,none": 0.03551446610810826}, "mmlu_college_chemistry": {"alias": "  - college_chemistry", "acc,none": 0.15, "acc_stderr,none": 0.0358870281282637}, "mmlu_college_computer_science": {"alias": "  - college_computer_science", "acc,none": 0.22, "acc_stderr,none": 0.041633319989322695}, "mmlu_college_mathematics": {"alias": "  - college_mathematics", "acc,none": 0.2, "acc_stderr,none": 0.040201512610368445}, "mmlu_college_physics": {"alias": "  - college_physics", "acc,none": 0.18627450980392157, "acc_stderr,none": 0.03873958714149351}, "mmlu_computer_security": {"alias": "  - computer_security", "acc,none": 0.29, "acc_stderr,none": 0.045604802157206845}, "mmlu_conceptual_physics": {"alias": "  - conceptual_physics", "acc,none": 0.2553191489361702, "acc_stderr,none": 0.02850485647051421}, "mmlu_electrical_engineering": {"alias": "  - electrical_engineering", "acc,none": 0.25517241379310346, "acc_stderr,none": 0.03632984052707842}, "mmlu_elementary_mathematics": {"alias": "  - elementary_mathematics", "acc,none": 0.2037037037037037, "acc_stderr,none": 0.02074274056012267}, "mmlu_high_school_biology": {"alias": "  - high_school_biology", "acc,none": 0.1935483870967742, "acc_stderr,none": 0.02247525852553606},