{"results": {"arc_challenge": {"alias": "arc_challenge", "acc,none": 0.42662116040955633, "acc_stderr,none": 0.014453185592920295, "acc_norm,none": 0.46075085324232085, "acc_norm_stderr,none": 0.014566303676636578}, "gsm8k": {"alias": "gsm8k", "exact_match,strict-match": 0.2676269901440485, "exact_match_stderr,strict-match": 0.012194764427053346, "exact_match,flexible-extract": 0.2714177407126611, "exact_match_stderr,flexible-extract": 0.012249002026150577}, "hellaswag": {"alias": "hellaswag", "acc,none": 0.5520812587134037, "acc_stderr,none": 0.004962638446395989, "acc_norm,none": 0.7361083449512049, "acc_norm_stderr,none": 0.004398404992933861}, "mmlu": {"acc,none": 0.5400227887765275, "acc_stderr,none": 0.003984288944090308, "alias": "mmlu"}, "mmlu_humanities": {"acc,none": 0.4867162592986185, "acc_stderr,none": 0.006842599569802784, "alias": " - humanities"}, "mmlu_formal_logic": {"alias": "  - formal_logic", "acc,none": 0.3333333333333333, "acc_stderr,none": 0.04216370213557835}, "mmlu_high_school_european_history": {"alias": "  - high_school_european_history", "acc,none": 0.7151515151515152, "acc_stderr,none": 0.03524390844511781}, "mmlu_high_school_us_history": {"alias": "  - high_school_us_history", "acc,none": 0.6911764705882353, "acc_stderr,none": 0.03242661719827218}, "mmlu_high_school_world_history": {"alias": "  - high_school_world_history", "acc,none": 0.7341772151898734, "acc_stderr,none": 0.02875679962965833}, "mmlu_international_law": {"alias": "  - international_law", "acc,none": 0.7520661157024794, "acc_stderr,none": 0.03941897526516304}, "mmlu_jurisprudence": {"alias": "  - jurisprudence", "acc,none": 0.6481481481481481, "acc_stderr,none": 0.04616631111801714}, "mmlu_logical_fallacies": {"alias": "  - logical_fallacies", "acc,none": 0.656441717791411, "acc_stderr,none": 0.03731133519673893}, "mmlu_moral_disputes": {"alias": "  - moral_disputes", "acc,none": 0.5722543352601156, "acc_stderr,none": 0.02663653974111607}, "mmlu_moral_scenarios": {"alias": "  - moral_scenarios", "acc,none": 0.23798882681564246, "acc_stderr,none": 0.01424263007057489}, "mmlu_philosophy": {"alias": "  - philosophy", "acc,none": 0.5819935691318328, "acc_stderr,none": 0.028013651891995076}, "mmlu_prehistory": {"alias": "  - prehistory", "acc,none": 0.6481481481481481, "acc_stderr,none": 0.02657148348071997}, "mmlu_professional_law": {"alias": "  - professional_law", "acc,none": 0.4028683181225554, "acc_stderr,none": 0.012526955577118016}, "mmlu_world_religions": {"alias": "  - world_religions", "acc,none": 0.7426900584795322, "acc_stderr,none": 0.03352799844161865}, "mmlu_other": {"acc,none": 0.6298680399098809, "acc_stderr,none": 0.008370497260112296, "alias": " - other"}, "mmlu_business_ethics": {"alias": "  - business_ethics", "acc,none": 0.51, "acc_stderr,none": 0.05024183937956912}, "mmlu_clinical_knowledge": {"alias": "  - clinical_knowledge", "acc,none": 0.5924528301886792, "acc_stderr,none": 0.030242233800854494}, "mmlu_college_medicine": {"alias": "  - college_medicine", "acc,none": 0.5433526011560693, "acc_stderr,none": 0.03798106566014498}, "mmlu_global_facts": {"alias": "  - global_facts", "acc,none": 0.26, "acc_stderr,none": 0.04408440022768077}, "mmlu_human_aging": {"alias": "  - human_aging", "acc,none": 0.6098654708520179, "acc_stderr,none": 0.03273766725459156}, "mmlu_management": {"alias": "  - management", "acc,none": 0.7281553398058253, "acc_stderr,none": 0.044052680241409216}, "mmlu_marketing": {"alias": "  - marketing", "acc,none": 0.8034188034188035, "acc_stderr,none": 0.02603538609895129}, "mmlu_medical_genetics": {"alias": "  - medical_genetics", "acc,none": 0.76, "acc_stderr,none": 0.04292346959909283}, "mmlu_miscellaneous": {"alias": "  - miscellaneous", "acc,none": 0.7420178799489144, "acc_stderr,none": 0.01564583018834895}, "mmlu_nutrition": {"alias": "  - nutrition", "acc,none": 0.6405228758169934, "acc_stderr,none": 0.027475969910660952}, "mmlu_professional_accounting": {"alias": "  - professional_accounting", "acc,none": 0.4148936170212766, "acc_stderr,none": 0.029392236584612503}, "mmlu_professional_medicine": {"alias": "  - professional_medicine", "acc,none": 0.625, "acc_stderr,none": 0.029408372932278746}, "mmlu_virology": {"alias": "  - virology", "acc,none": 0.5421686746987951, "acc_stderr,none": 0.038786267710023595}, "mmlu_social_sciences": {"acc,none": 0.6249593760155996, "acc_stderr,none": 0.008507145489051439, "alias": " - social sciences"}, "mmlu_econometrics": {"alias": "  - econometrics", "acc,none": 0.30701754385964913, "acc_stderr,none": 0.043391383225798594}, "mmlu_high_school_geography": {"alias": "  - high_school_geography", "acc,none": 0.6767676767676768, "acc_stderr,none": 0.03332299921070645}, "mmlu_high_school_government_and_politics": {"alias": "  - high_school_government_and_politics", "acc,none": 0.7357512953367875, "acc_stderr,none": 0.03182155050916648}, "mmlu_high_school_macroeconomics": {"alias": "  - high_school_macroeconomics", "acc,none": 0.5128205128205128, "acc_stderr,none": 0.025342671293807257}, "mmlu_high_school_microeconomics": {"alias": "  - high_school_microeconomics", "acc,none": 0.5294117647058824, "acc_stderr,none": 0.032422250271150053}, "mmlu_high_school_psychology": {"alias": "  - high_school_psychology", "acc,none": 0.744954128440367, "acc_stderr,none": 0.018688500856535832}, "mmlu_human_sexuality": {"alias": "  - human_sexuality", "acc,none": 0.6793893129770993, "acc_stderr,none": 0.040933292298342784}, "mmlu_professional_psychology": {"alias": "  - professional_psychology", "acc,none": 0.5571895424836601, "acc_stderr,none": 0.020095083154577358}, "mmlu_public_relations": {"alias": "  - public_relations", "acc,none": 0.6545454545454545, "acc_stderr,none": 0.04554619617541054}, "mmlu_security_studies": {"alias": "  - security_studies", "acc,none": 0.6040816326530613, "acc_stderr,none": 0.03130802899065685}, "mmlu_sociology": {"alias": "  - sociology", "acc,none": 0.7761194029850746, "acc_stderr,none": 0.02947525023601718}, "mmlu_us_foreign_policy": {"alias": "  - us_foreign_policy", "acc,none": 0.74, "acc_stderr,none": 0.04408440022768076}, "mmlu_stem": {"acc,none": 0.44814462416745954, "acc_stderr,none": 0.008581583772514112, "alias": " - stem"}, "mmlu_abstract_algebra": {"alias": "  - abstract_algebra", "acc,none": 0.28, "acc_stderr,none": 0.04512608598542127}, "mmlu_anatomy": {"alias": "  - anatomy", "acc,none": 0.5703703703703704, "acc_stderr,none": 0.042763494943766}, "mmlu_astronomy": {"alias": "  - astronomy", "acc,none": 0.5657894736842105, "acc_stderr,none": 0.04033565667848319}, "mmlu_college_biology": {"alias": "  - college_biology", "acc,none": 0.6388888888888888, "acc_stderr,none": 0.040166600304512336}, "mmlu_college_chemistry": {"alias": "  - college_chemistry", "acc,none": 0.39, "acc_stderr,none": 0.04902071300001974}, "mmlu_college_computer_science": {"alias": "  - college_computer_science", "acc,none": 0.5, "acc_stderr,none": 0.050251890762960605}, "mmlu_college_mathematics": {"alias": "  - college_mathematics", "acc,none": 0.32, "acc_stderr,none": 0.04688261722621505}, "mmlu_college_physics": {"alias": "  - college_physics", "acc,none": 0.3137254901960784, "acc_stderr,none": 0.04617034827006717}, "mmlu_computer_security": {"alias": "  - computer_security", "acc,none": 0.7, "acc_stderr,none": 0.046056618647183814}, "mmlu_conceptual_physics": {"alias": "  - conceptual_physics", "acc,none": 0.4, "acc_stderr,none": 0.03202563076101735}, "mmlu_electrical_engineering": {"alias": "  - electrical_engineering", "acc,none": 0.5310344827586206, "acc_stderr,none": 0.04158632762097828}, "mmlu_elementary_mathematics": {"alias": "  - elementary_mathematics", "acc,none": 0.3439153439153439, "acc_stderr,none": 0.024464426625596433}, "mmlu_high_school_biology": {"alias": "  - high_school_biology", "acc,none": 0.635483870967742, "acc_stderr,none": 0.02737987122994325}, "mmlu_high_school_chemistry": {"alias": "  - high_school_chemistry", "acc,none": 0.45320197044334976,