{"results": {"arc_challenge": {"alias": "arc_challenge", "acc,none": 0.4069965870307167, "acc_stderr,none": 0.01435639941800913, "acc_norm,none": 0.43430034129692835, "acc_norm_stderr,none": 0.014484703048857359}, "gsm8k": {"alias": "gsm8k", "exact_match,strict-match": 0.2941622441243366, "exact_match_stderr,strict-match": 0.012551285331470152, "exact_match,flexible-extract": 0.29492039423805916, "exact_match_stderr,flexible-extract": 0.012560698010954776}, "hellaswag": {"alias": "hellaswag", "acc,none": 0.5823541127265485, "acc_stderr,none": 0.004921632645102366, "acc_norm,none": 0.7783310097590121, "acc_norm_stderr,none": 0.004145206350032323}, "mmlu": {"acc,none": 0.5043441105255662, "acc_stderr,none": 0.004036336627386116, "alias": "mmlu"}, "mmlu_humanities": {"acc,none": 0.45483528161530284, "acc_stderr,none": 0.006929983235676552, "alias": " - humanities"}, "mmlu_formal_logic": {"alias": "  - formal_logic", "acc,none": 0.30952380952380953, "acc_stderr,none": 0.041349130183033156}, "mmlu_high_school_european_history": {"alias": "  - high_school_european_history", "acc,none": 0.6060606060606061, "acc_stderr,none": 0.03815494308688929}, "mmlu_high_school_us_history": {"alias": "  - high_school_us_history", "acc,none": 0.6078431372549019, "acc_stderr,none": 0.03426712349247272}, "mmlu_high_school_world_history": {"alias": "  - high_school_world_history", "acc,none": 0.679324894514768, "acc_stderr,none": 0.030381931949990414}, "mmlu_international_law": {"alias": "  - international_law", "acc,none": 0.6115702479338843, "acc_stderr,none": 0.04449270350068382}, "mmlu_jurisprudence": {"alias": "  - jurisprudence", "acc,none": 0.5925925925925926, "acc_stderr,none": 0.04750077341199985}, "mmlu_logical_fallacies": {"alias": "  - logical_fallacies", "acc,none": 0.5950920245398773, "acc_stderr,none": 0.03856672163548913}, "mmlu_moral_disputes": {"alias": "  - moral_disputes", "acc,none": 0.5404624277456648, "acc_stderr,none": 0.026830805998952243}, "mmlu_moral_scenarios": {"alias": "  - moral_scenarios", "acc,none": 0.24134078212290502, "acc_stderr,none": 0.014310999547961464}, "mmlu_philosophy": {"alias": "  - philosophy", "acc,none": 0.5980707395498392, "acc_stderr,none": 0.027846476005930477}, "mmlu_prehistory": {"alias": "  - prehistory", "acc,none": 0.558641975308642, "acc_stderr,none": 0.027628737155668777}, "mmlu_professional_law": {"alias": "  - professional_law", "acc,none": 0.3813559322033898, "acc_stderr,none": 0.012405509401888124}, "mmlu_world_religions": {"alias": "  - world_religions", "acc,none": 0.7368421052631579, "acc_stderr,none": 0.033773102522092056}, "mmlu_other": {"acc,none": 0.5696813646604442, "acc_stderr,none": 0.008580685892294871, "alias": " - other"}, "mmlu_business_ethics": {"alias": "  - business_ethics", "acc,none": 0.56, "acc_stderr,none": 0.04988876515698589}, "mmlu_clinical_knowledge": {"alias": "  - clinical_knowledge", "acc,none": 0.5547169811320755, "acc_stderr,none": 0.030588052974270655}, "mmlu_college_medicine": {"alias": "  - college_medicine", "acc,none": 0.4682080924855491, "acc_stderr,none": 0.03804749744364764}, "mmlu_global_facts": {"alias": "  - global_facts", "acc,none": 0.29, "acc_stderr,none": 0.04560480215720683}, "mmlu_human_aging": {"alias": "  - human_aging", "acc,none": 0.5246636771300448, "acc_stderr,none": 0.03351695167652628}, "mmlu_management": {"alias": "  - management", "acc,none": 0.7087378640776699, "acc_stderr,none": 0.04498676320572924}, "mmlu_marketing": {"alias": "  - marketing", "acc,none": 0.8333333333333334, "acc_stderr,none": 0.024414947304543674}, "mmlu_medical_genetics": {"alias": "  - medical_genetics", "acc,none": 0.5, "acc_stderr,none": 0.050251890762960605}, "mmlu_miscellaneous": {"alias": "  - miscellaneous", "acc,none": 0.6922094508301405, "acc_stderr,none": 0.01650604504515563}, "mmlu_nutrition": {"alias": "  - nutrition", "acc,none": 0.5294117647058824, "acc_stderr,none": 0.028580341065138293}, "mmlu_professional_accounting": {"alias": "  - professional_accounting", "acc,none": 0.3971631205673759, "acc_stderr,none": 0.02918980567358709}, "mmlu_professional_medicine": {"alias": "  - professional_medicine", "acc,none": 0.4632352941176471, "acc_stderr,none": 0.030290619180485694}, "mmlu_virology": {"alias": "  - virology", "acc,none": 0.4819277108433735, "acc_stderr,none": 0.038899512528272166}, "mmlu_social_sciences": {"acc,none": 0.5992850178745531, "acc_stderr,none": 0.008649594091677051, "alias": " - social sciences"}, "mmlu_econometrics": {"alias": "  - econometrics", "acc,none": 0.32456140350877194, "acc_stderr,none": 0.04404556157374768}, "mmlu_high_school_geography": {"alias": "  - high_school_geography", "acc,none": 0.6919191919191919, "acc_stderr,none": 0.03289477330098616}, "mmlu_high_school_government_and_politics": {"alias": "  - high_school_government_and_politics", "acc,none": 0.6787564766839378, "acc_stderr,none": 0.03369950868549068}, "mmlu_high_school_macroeconomics": {"alias": "  - high_school_macroeconomics", "acc,none": 0.5205128205128206, "acc_stderr,none": 0.025329663163489943}, "mmlu_high_school_microeconomics": {"alias": "  - high_school_microeconomics", "acc,none": 0.5588235294117647, "acc_stderr,none": 0.0322529423239964}, "mmlu_high_school_psychology": {"alias": "  - high_school_psychology", "acc,none": 0.708256880733945, "acc_stderr,none": 0.01948930096887653}, "mmlu_human_sexuality": {"alias": "  - human_sexuality", "acc,none": 0.5343511450381679, "acc_stderr,none": 0.04374928560599738}, "mmlu_professional_psychology": {"alias": "  - professional_psychology", "acc,none": 0.5065359477124183, "acc_stderr,none": 0.020226106567657807}, "mmlu_public_relations": {"alias": "  - public_relations", "acc,none": 0.6090909090909091, "acc_stderr,none": 0.04673752333670239}, "mmlu_security_studies": {"alias": "  - security_studies", "acc,none": 0.5918367346938775, "acc_stderr,none": 0.03146465712827424}, "mmlu_sociology": {"alias": "  - sociology", "acc,none": 0.736318407960199, "acc_stderr,none": 0.031157150869355558}, "mmlu_us_foreign_policy": {"alias": "  - us_foreign_policy", "acc,none": 0.77, "acc_stderr,none": 0.04229525846816505}, "mmlu_stem": {"acc,none": 0.421186171899778, "acc_stderr,none": 0.008570436626287304, "alias": " - stem"}, "mmlu_abstract_algebra": {"alias": "  - abstract_algebra", "acc,none": 0.33, "acc_stderr,none": 0.04725815626252605}, "mmlu_anatomy": {"alias": "  - anatomy", "acc,none": 0.45925925925925926, "acc_stderr,none": 0.04304979692464242}, "mmlu_astronomy": {"alias": "  - astronomy", "acc,none": 0.4868421052631579, "acc_stderr,none": 0.04067533136309173}, "mmlu_college_biology": {"alias": "  - college_biology", "acc,none": 0.5277777777777778, "acc_stderr,none": 0.04174752578923185}, "mmlu_college_chemistry": {"alias": "  - college_chemistry", "acc,none": 0.4, "acc_stderr,none": 0.04923659639173309}, "mmlu_college_computer_science": {"alias": "  - college_computer_science", "acc,none": 0.5, "acc_stderr,none": 0.050251890762960605}, "mmlu_college_mathematics": {"alias": "  - college_mathematics", "acc,none": 0.33, "acc_stderr,none": 0.047258156262526045}, "mmlu_college_physics": {"alias": "  - college_physics", "acc,none": 0.3235294117647059, "acc_stderr,none": 0.04655010411319619}, "mmlu_computer_security": {"alias": "  - computer_security", "acc,none": 0.61, "acc_stderr,none": 0.04902071300001974}, "mmlu_conceptual_physics": {"alias": "  - conceptual_physics", "acc,none": 0.39574468085106385, "acc_stderr,none": 0.03196758697835362}, "mmlu_electrical_engineering": {"alias": "  - electrical_engineering", "acc,none": 0.5310344827586206, "acc_stderr,none": 0.04158632762097828}, "mmlu_elementary_mathematics": {"alias": "  - elementary_mathematics", "acc,none": 0.30952380952380953, "acc_stderr,none": 0.023809523809523857}, "mmlu_high_school_biology": {"alias": "  - high_school_biology", "acc,none": 0.6193548387096774, "acc_stderr,none": 0.02762171783290703}, "mmlu_high_school_chemistry": {"alias": "  - high_school_chemistry",