{"results": {"arc_challenge": {"alias": "arc_challenge", "acc,none": 0.35494880546075086, "acc_stderr,none": 0.013983036904094082, "acc_norm,none": 0.40017064846416384, "acc_norm_stderr,none": 0.014317197787809172}, "gsm8k": {"alias": "gsm8k", "exact_match,strict-match": 0.0621683093252464, "exact_match_stderr,strict-match": 0.006651035644531696, "exact_match,flexible-extract": 0.07202426080363912, "exact_match_stderr,flexible-extract": 0.007121147983537127}, "hellaswag": {"alias": "hellaswag", "acc,none": 0.5401314479187412, "acc_stderr,none": 0.004973683026202167, "acc_norm,none": 0.7303326030671181, "acc_norm_stderr,none": 0.004428800140739978}, "mmlu": {"acc,none": 0.371243412619285, "acc_stderr,none": 0.004010832534302286, "alias": "mmlu"}, "mmlu_humanities": {"acc,none": 0.35047821466524975, "acc_stderr,none": 0.006836886191990329, "alias": " - humanities"}, "mmlu_formal_logic": {"alias": "  - formal_logic", "acc,none": 0.24603174603174602, "acc_stderr,none": 0.03852273364924317}, "mmlu_high_school_european_history": {"alias": "  - high_school_european_history", "acc,none": 0.4666666666666667, "acc_stderr,none": 0.03895658065271846}, "mmlu_high_school_us_history": {"alias": "  - high_school_us_history", "acc,none": 0.4264705882352941, "acc_stderr,none": 0.034711579079534254}, "mmlu_high_school_world_history": {"alias": "  - high_school_world_history", "acc,none": 0.5189873417721519, "acc_stderr,none": 0.03252375148090447}, "mmlu_international_law": {"alias": "  - international_law", "acc,none": 0.5454545454545454, "acc_stderr,none": 0.04545454545454548}, "mmlu_jurisprudence": {"alias": "  - jurisprudence", "acc,none": 0.4166666666666667, "acc_stderr,none": 0.04766075165356461}, "mmlu_logical_fallacies": {"alias": "  - logical_fallacies", "acc,none": 0.4049079754601227, "acc_stderr,none": 0.03856672163548911}, "mmlu_moral_disputes": {"alias": "  - moral_disputes", "acc,none": 0.42196531791907516, "acc_stderr,none": 0.026589231142174256}, "mmlu_moral_scenarios": {"alias": "  - moral_scenarios", "acc,none": 0.24692737430167597, "acc_stderr,none": 0.01442229220480886}, "mmlu_philosophy": {"alias": "  - philosophy", "acc,none": 0.42443729903536975, "acc_stderr,none": 0.028071928247946205}, "mmlu_prehistory": {"alias": "  - prehistory", "acc,none": 0.41358024691358025, "acc_stderr,none": 0.027402042040269962}, "mmlu_professional_law": {"alias": "  - professional_law", "acc,none": 0.28878748370273793, "acc_stderr,none": 0.011574914757219956}, "mmlu_world_religions": {"alias": "  - world_religions", "acc,none": 0.45614035087719296, "acc_stderr,none": 0.03820042586602966}, "mmlu_other": {"acc,none": 0.422272288381075, "acc_stderr,none": 0.008743229146045618, "alias": " - other"}, "mmlu_business_ethics": {"alias": "  - business_ethics", "acc,none": 0.48, "acc_stderr,none": 0.050211673156867795}, "mmlu_clinical_knowledge": {"alias": "  - clinical_knowledge", "acc,none": 0.33962264150943394, "acc_stderr,none": 0.029146904747798342}, "mmlu_college_medicine": {"alias": "  - college_medicine", "acc,none": 0.37572254335260113, "acc_stderr,none": 0.036928207672648664}, "mmlu_global_facts": {"alias": "  - global_facts", "acc,none": 0.31, "acc_stderr,none": 0.04648231987117316}, "mmlu_human_aging": {"alias": "  - human_aging", "acc,none": 0.4170403587443946, "acc_stderr,none": 0.03309266936071721}, "mmlu_management": {"alias": "  - management", "acc,none": 0.3592233009708738, "acc_stderr,none": 0.04750458399041694}, "mmlu_marketing": {"alias": "  - marketing", "acc,none": 0.5726495726495726, "acc_stderr,none": 0.032408473935163266}, "mmlu_medical_genetics": {"alias": "  - medical_genetics", "acc,none": 0.42, "acc_stderr,none": 0.049604496374885836}, "mmlu_miscellaneous": {"alias": "  - miscellaneous", "acc,none": 0.5185185185185185, "acc_stderr,none": 0.017867695938429774}, "mmlu_nutrition": {"alias": "  - nutrition", "acc,none": 0.38562091503267976, "acc_stderr,none": 0.027870745278290324}, "mmlu_professional_accounting": {"alias": "  - professional_accounting", "acc,none": 0.3333333333333333, "acc_stderr,none": 0.0281216360406399}, "mmlu_professional_medicine": {"alias": "  - professional_medicine", "acc,none": 0.30514705882352944, "acc_stderr,none": 0.027971541370170598}, "mmlu_virology": {"alias": "  - virology", "acc,none": 0.42771084337349397, "acc_stderr,none": 0.038515976837185335}, "mmlu_social_sciences": {"acc,none": 0.3916152096197595, "acc_stderr,none": 0.008704769467839194, "alias": " - social sciences"}, "mmlu_econometrics": {"alias": "  - econometrics", "acc,none": 0.2631578947368421, "acc_stderr,none": 0.041424397194893596}, "mmlu_high_school_geography": {"alias": "  - high_school_geography", "acc,none": 0.4292929292929293, "acc_stderr,none": 0.03526552724601198}, "mmlu_high_school_government_and_politics": {"alias": "  - high_school_government_and_politics", "acc,none": 0.40414507772020725, "acc_stderr,none": 0.0354150857888402}, "mmlu_high_school_macroeconomics": {"alias": "  - high_school_macroeconomics", "acc,none": 0.2923076923076923, "acc_stderr,none": 0.023060438380857737}, "mmlu_high_school_microeconomics": {"alias": "  - high_school_microeconomics", "acc,none": 0.31092436974789917, "acc_stderr,none": 0.030066761582977934}, "mmlu_high_school_psychology": {"alias": "  - high_school_psychology", "acc,none": 0.47522935779816516, "acc_stderr,none": 0.02141099975363592}, "mmlu_human_sexuality": {"alias": "  - human_sexuality", "acc,none": 0.4580152671755725, "acc_stderr,none": 0.04369802690578757}, "mmlu_professional_psychology": {"alias": "  - professional_psychology", "acc,none": 0.36437908496732024, "acc_stderr,none": 0.01946951822157369}, "mmlu_public_relations": {"alias": "  - public_relations", "acc,none": 0.37272727272727274, "acc_stderr,none": 0.046313813194254635}, "mmlu_security_studies": {"alias": "  - security_studies", "acc,none": 0.34285714285714286, "acc_stderr,none": 0.030387262919547728}, "mmlu_sociology": {"alias": "  - sociology", "acc,none": 0.4975124378109453, "acc_stderr,none": 0.03535490150137288}, "mmlu_us_foreign_policy": {"alias": "  - us_foreign_policy", "acc,none": 0.57, "acc_stderr,none": 0.049756985195624284}, "mmlu_stem": {"acc,none": 0.33206470028544244, "acc_stderr,none": 0.008281528319872137, "alias": " - stem"}, "mmlu_abstract_algebra": {"alias": "  - abstract_algebra", "acc,none": 0.28, "acc_stderr,none": 0.04512608598542129}, "mmlu_anatomy": {"alias": "  - anatomy", "acc,none": 0.4740740740740741, "acc_stderr,none": 0.04313531696750575}, "mmlu_astronomy": {"alias": "  - astronomy", "acc,none": 0.45394736842105265, "acc_stderr,none": 0.04051646342874142}, "mmlu_college_biology": {"alias": "  - college_biology", "acc,none": 0.3402777777777778, "acc_stderr,none": 0.03962135573486219}, "mmlu_college_chemistry": {"alias": "  - college_chemistry", "acc,none": 0.17, "acc_stderr,none": 0.03775251680686371}, "mmlu_college_computer_science": {"alias": "  - college_computer_science", "acc,none": 0.32, "acc_stderr,none": 0.04688261722621504}, "mmlu_college_mathematics": {"alias": "  - college_mathematics", "acc,none": 0.3, "acc_stderr,none": 0.046056618647183814}, "mmlu_college_physics": {"alias": "  - college_physics", "acc,none": 0.28431372549019607, "acc_stderr,none": 0.04488482852329017}, "mmlu_computer_security": {"alias": "  - computer_security", "acc,none": 0.56, "acc_stderr,none": 0.04988876515698589}, "mmlu_conceptual_physics": {"alias": "  - conceptual_physics", "acc,none": 0.3191489361702128, "acc_stderr,none": 0.030472973363380045}, "mmlu_electrical_engineering": {"alias": "  - electrical_engineering", "acc,none": 0.46206896551724136, "acc_stderr,none": 0.041546596717075474}, "mmlu_elementary_mathematics": {"alias": "  - elementary_mathematics", "acc,none": 0.2830687830687831, "acc_stderr,none": 0.023201392938194974}, "mmlu_high_school_biology": {"alias": "  - high_school_biology", "acc,none": 0.38387096774193546, "acc_stderr,none": 0.027666182075539635},