{"results": {"arc_challenge": {"alias": "arc_challenge", "acc,none": 0.27303754266211605, "acc_stderr,none": 0.013019332762635727, "acc_norm,none": 0.30119453924914674, "acc_norm_stderr,none": 0.013406741767847626}, "gsm8k": {"alias": "gsm8k", "exact_match,strict-match": 0.01288855193328279, "exact_match_stderr,strict-match": 0.003106901266499636, "exact_match,flexible-extract": 0.02122820318423048, "exact_match_stderr,flexible-extract": 0.003970449129848636}, "hellaswag": {"alias": "hellaswag", "acc,none": 0.41674965146385184, "acc_stderr,none": 0.004920130733271776, "acc_norm,none": 0.5439155546703844, "acc_norm_stderr,none": 0.004970497804772313}, "mmlu": {"acc,none": 0.23864121919954423, "acc_stderr,none": 0.0035943253422358002, "alias": "mmlu"}, "mmlu_humanities": {"acc,none": 0.24420828905419767, "acc_stderr,none": 0.006257909487853647, "alias": " - humanities"}, "mmlu_formal_logic": {"alias": "  - formal_logic", "acc,none": 0.1984126984126984, "acc_stderr,none": 0.03567016675276861}, "mmlu_high_school_european_history": {"alias": "  - high_school_european_history", "acc,none": 0.2, "acc_stderr,none": 0.031234752377721182}, "mmlu_high_school_us_history": {"alias": "  - high_school_us_history", "acc,none": 0.27450980392156865, "acc_stderr,none": 0.031321798030832924}, "mmlu_high_school_world_history": {"alias": "  - high_school_world_history", "acc,none": 0.2489451476793249, "acc_stderr,none": 0.028146970599422644}, "mmlu_international_law": {"alias": "  - international_law", "acc,none": 0.30578512396694213, "acc_stderr,none": 0.04205953933884125}, "mmlu_jurisprudence": {"alias": "  - jurisprudence", "acc,none": 0.2777777777777778, "acc_stderr,none": 0.04330043749650741}, "mmlu_logical_fallacies": {"alias": "  - logical_fallacies", "acc,none": 0.2085889570552147, "acc_stderr,none": 0.03192193448934724}, "mmlu_moral_disputes": {"alias": "  - moral_disputes", "acc,none": 0.2658959537572254, "acc_stderr,none": 0.02378620325550828}, "mmlu_moral_scenarios": {"alias": "  - moral_scenarios", "acc,none": 0.26145251396648045, "acc_stderr,none": 0.014696599650364546}, "mmlu_philosophy": {"alias": "  - philosophy", "acc,none": 0.1864951768488746, "acc_stderr,none": 0.022122439772480778}, "mmlu_prehistory": {"alias": "  - prehistory", "acc,none": 0.20679012345679013, "acc_stderr,none": 0.022535006705942825}, "mmlu_professional_law": {"alias": "  - professional_law", "acc,none": 0.2438070404172099, "acc_stderr,none": 0.010966507972178477}, "mmlu_world_religions": {"alias": "  - world_religions", "acc,none": 0.29239766081871343, "acc_stderr,none": 0.034886477134579215}, "mmlu_other": {"acc,none": 0.2442870936594786, "acc_stderr,none": 0.007699256004525298, "alias": " - other"}, "mmlu_business_ethics": {"alias": "  - business_ethics", "acc,none": 0.28, "acc_stderr,none": 0.04512608598542128}, "mmlu_clinical_knowledge": {"alias": "  - clinical_knowledge", "acc,none": 0.22641509433962265, "acc_stderr,none": 0.025757559893106734}, "mmlu_college_medicine": {"alias": "  - college_medicine", "acc,none": 0.21965317919075145, "acc_stderr,none": 0.031568093627031744}, "mmlu_global_facts": {"alias": "  - global_facts", "acc,none": 0.21, "acc_stderr,none": 0.040936018074033256}, "mmlu_human_aging": {"alias": "  - human_aging", "acc,none": 0.3183856502242152, "acc_stderr,none": 0.03126580522513713}, "mmlu_management": {"alias": "  - management", "acc,none": 0.20388349514563106, "acc_stderr,none": 0.0398913985953177}, "mmlu_marketing": {"alias": "  - marketing", "acc,none": 0.3076923076923077, "acc_stderr,none": 0.030236389942173092}, "mmlu_medical_genetics": {"alias": "  - medical_genetics", "acc,none": 0.23, "acc_stderr,none": 0.042295258468165065}, "mmlu_miscellaneous": {"alias": "  - miscellaneous", "acc,none": 0.25287356321839083, "acc_stderr,none": 0.01554337731371968}, "mmlu_nutrition": {"alias": "  - nutrition", "acc,none": 0.21895424836601307, "acc_stderr,none": 0.02367908986180772}, "mmlu_professional_accounting": {"alias": "  - professional_accounting", "acc,none": 0.23404255319148937, "acc_stderr,none": 0.025257861359432407}, "mmlu_professional_medicine": {"alias": "  - professional_medicine", "acc,none": 0.1948529411764706, "acc_stderr,none": 0.02406059942348743}, "mmlu_virology": {"alias": "  - virology", "acc,none": 0.2469879518072289, "acc_stderr,none": 0.03357351982064536}, "mmlu_social_sciences": {"acc,none": 0.22814429639259018, "acc_stderr,none": 0.007565293398434675, "alias": " - social sciences"}, "mmlu_econometrics": {"alias": "  - econometrics", "acc,none": 0.2719298245614035, "acc_stderr,none": 0.04185774424022056}, "mmlu_high_school_geography": {"alias": "  - high_school_geography", "acc,none": 0.21212121212121213, "acc_stderr,none": 0.029126522834586825}, "mmlu_high_school_government_and_politics": {"alias": "  - high_school_government_and_politics", "acc,none": 0.22797927461139897, "acc_stderr,none": 0.030276909945178256}, "mmlu_high_school_macroeconomics": {"alias": "  - high_school_macroeconomics", "acc,none": 0.19743589743589743, "acc_stderr,none": 0.02018264696867484}, "mmlu_high_school_microeconomics": {"alias": "  - high_school_microeconomics", "acc,none": 0.24369747899159663, "acc_stderr,none": 0.02788682807838056}, "mmlu_high_school_psychology": {"alias": "  - high_school_psychology", "acc,none": 0.22568807339449543, "acc_stderr,none": 0.017923087667803053}, "mmlu_human_sexuality": {"alias": "  - human_sexuality", "acc,none": 0.22137404580152673, "acc_stderr,none": 0.036412970813137296}, "mmlu_professional_psychology": {"alias": "  - professional_psychology", "acc,none": 0.25326797385620914, "acc_stderr,none": 0.017593486895366828}, "mmlu_public_relations": {"alias": "  - public_relations", "acc,none": 0.21818181818181817, "acc_stderr,none": 0.03955932861795833}, "mmlu_security_studies": {"alias": "  - security_studies", "acc,none": 0.17551020408163265, "acc_stderr,none": 0.02435280072297001}, "mmlu_sociology": {"alias": "  - sociology", "acc,none": 0.23880597014925373, "acc_stderr,none": 0.03014777593540922}, "mmlu_us_foreign_policy": {"alias": "  - us_foreign_policy", "acc,none": 0.28, "acc_stderr,none": 0.04512608598542128}, "mmlu_stem": {"acc,none": 0.23501427212178877, "acc_stderr,none": 0.007547465630873541, "alias": " - stem"}, "mmlu_abstract_algebra": {"alias": "  - abstract_algebra", "acc,none": 0.23, "acc_stderr,none": 0.04229525846816506}, "mmlu_anatomy": {"alias": "  - anatomy", "acc,none": 0.21481481481481482, "acc_stderr,none": 0.03547854198560824}, "mmlu_astronomy": {"alias": "  - astronomy", "acc,none": 0.20394736842105263, "acc_stderr,none": 0.03279000406310049}, "mmlu_college_biology": {"alias": "  - college_biology", "acc,none": 0.2847222222222222, "acc_stderr,none": 0.03773809990686934}, "mmlu_college_chemistry": {"alias": "  - college_chemistry", "acc,none": 0.22, "acc_stderr,none": 0.041633319989322695}, "mmlu_college_computer_science": {"alias": "  - college_computer_science", "acc,none": 0.27, "acc_stderr,none": 0.044619604333847394}, "mmlu_college_mathematics": {"alias": "  - college_mathematics", "acc,none": 0.23, "acc_stderr,none": 0.04229525846816507}, "mmlu_college_physics": {"alias": "  - college_physics", "acc,none": 0.23529411764705882, "acc_stderr,none": 0.04220773659171453}, "mmlu_computer_security": {"alias": "  - computer_security", "acc,none": 0.32, "acc_stderr,none": 0.04688261722621504}, "mmlu_conceptual_physics": {"alias": "  - conceptual_physics", "acc,none": 0.2765957446808511, "acc_stderr,none": 0.02924188386962881}, "mmlu_electrical_engineering": {"alias": "  - electrical_engineering", "acc,none": 0.23448275862068965, "acc_stderr,none": 0.035306258743465914}, "mmlu_elementary_mathematics": {"alias": "  - elementary_mathematics", "acc,none": 0.22486772486772486, "acc_stderr,none": 0.02150209607822914}, "mmlu_high_school_biology": {"alias": "  - high_school_biology", "acc,none": 0.21935483870967742, "acc_stderr,none": 0.023540799358723306},