{"results": {"arc_challenge": {"alias": "arc_challenge", "acc,none": 0.29948805460750855, "acc_stderr,none": 0.013385021637313555, "acc_norm,none": 0.32764505119453924, "acc_norm_stderr,none": 0.013715847940719344}, "gsm8k": {"alias": "gsm8k", "exact_match,strict-match": 0.024260803639120546, "exact_match_stderr,strict-match": 0.004238007900001372, "exact_match,flexible-extract": 0.032600454890068235, "exact_match_stderr,flexible-extract": 0.004891669021939604}, "hellaswag": {"alias": "hellaswag", "acc,none": 0.4539932284405497, "acc_stderr,none": 0.004968613539309243, "acc_norm,none": 0.5938060147381, "acc_norm_stderr,none": 0.004901178917900851}, "mmlu": {"acc,none": 0.2488961686369463, "acc_stderr,none": 0.0036443609514079465, "alias": "mmlu"}, "mmlu_humanities": {"acc,none": 0.23868225292242295, "acc_stderr,none": 0.006215487271585669, "alias": " - humanities"}, "mmlu_formal_logic": {"alias": "  - formal_logic", "acc,none": 0.2222222222222222, "acc_stderr,none": 0.037184890068181146}, "mmlu_high_school_european_history": {"alias": "  - high_school_european_history", "acc,none": 0.20606060606060606, "acc_stderr,none": 0.03158415324047709}, "mmlu_high_school_us_history": {"alias": "  - high_school_us_history", "acc,none": 0.22549019607843138, "acc_stderr,none": 0.02933116229425173}, "mmlu_high_school_world_history": {"alias": "  - high_school_world_history", "acc,none": 0.2742616033755274, "acc_stderr,none": 0.029041333510598025}, "mmlu_international_law": {"alias": "  - international_law", "acc,none": 0.2231404958677686, "acc_stderr,none": 0.03800754475228733}, "mmlu_jurisprudence": {"alias": "  - jurisprudence", "acc,none": 0.28703703703703703, "acc_stderr,none": 0.043733130409147614}, "mmlu_logical_fallacies": {"alias": "  - logical_fallacies", "acc,none": 0.19631901840490798, "acc_stderr,none": 0.031207970394709218}, "mmlu_moral_disputes": {"alias": "  - moral_disputes", "acc,none": 0.26878612716763006, "acc_stderr,none": 0.02386800326250011}, "mmlu_moral_scenarios": {"alias": "  - moral_scenarios", "acc,none": 0.2424581005586592, "acc_stderr,none": 0.014333522059217892}, "mmlu_philosophy": {"alias": "  - philosophy", "acc,none": 0.19614147909967847, "acc_stderr,none": 0.022552447780478022}, "mmlu_prehistory": {"alias": "  - prehistory", "acc,none": 0.25617283950617287, "acc_stderr,none": 0.0242885336377261}, "mmlu_professional_law": {"alias": "  - professional_law", "acc,none": 0.23728813559322035, "acc_stderr,none": 0.010865436690780276}, "mmlu_world_religions": {"alias": "  - world_religions", "acc,none": 0.24561403508771928, "acc_stderr,none": 0.0330140594698725}, "mmlu_other": {"acc,none": 0.27421950434502734, "acc_stderr,none": 0.00799266587794152, "alias": " - other"}, "mmlu_business_ethics": {"alias": "  - business_ethics", "acc,none": 0.26, "acc_stderr,none": 0.0440844002276808}, "mmlu_clinical_knowledge": {"alias": "  - clinical_knowledge", "acc,none": 0.25660377358490566, "acc_stderr,none": 0.02688064788905199}, "mmlu_college_medicine": {"alias": "  - college_medicine", "acc,none": 0.24277456647398843, "acc_stderr,none": 0.0326926380614177}, "mmlu_global_facts": {"alias": "  - global_facts", "acc,none": 0.35, "acc_stderr,none": 0.0479372485441102}, "mmlu_human_aging": {"alias": "  - human_aging", "acc,none": 0.27802690582959644, "acc_stderr,none": 0.03006958487449402}, "mmlu_management": {"alias": "  - management", "acc,none": 0.2621359223300971, "acc_stderr,none": 0.04354631077260595}, "mmlu_marketing": {"alias": "  - marketing", "acc,none": 0.27350427350427353, "acc_stderr,none": 0.02920254015343117}, "mmlu_medical_genetics": {"alias": "  - medical_genetics", "acc,none": 0.27, "acc_stderr,none": 0.044619604333847394}, "mmlu_miscellaneous": {"alias": "  - miscellaneous", "acc,none": 0.27586206896551724, "acc_stderr,none": 0.01598281477469563}, "mmlu_nutrition": {"alias": "  - nutrition", "acc,none": 0.22875816993464052, "acc_stderr,none": 0.024051029739912248}, "mmlu_professional_accounting": {"alias": "  - professional_accounting", "acc,none": 0.25886524822695034, "acc_stderr,none": 0.026129572527180844}, "mmlu_professional_medicine": {"alias": "  - professional_medicine", "acc,none": 0.3713235294117647, "acc_stderr,none": 0.029349803139765873}, "mmlu_virology": {"alias": "  - virology", "acc,none": 0.2469879518072289, "acc_stderr,none": 0.03357351982064537}, "mmlu_social_sciences": {"acc,none": 0.24406889827754305, "acc_stderr,none": 0.007736608392382985, "alias": " - social sciences"}, "mmlu_econometrics": {"alias": "  - econometrics", "acc,none": 0.23684210526315788, "acc_stderr,none": 0.039994238792813344}, "mmlu_high_school_geography": {"alias": "  - high_school_geography", "acc,none": 0.21717171717171718, "acc_stderr,none": 0.02937661648494564}, "mmlu_high_school_government_and_politics": {"alias": "  - high_school_government_and_politics", "acc,none": 0.22797927461139897, "acc_stderr,none": 0.03027690994517825}, "mmlu_high_school_macroeconomics": {"alias": "  - high_school_macroeconomics", "acc,none": 0.21025641025641026, "acc_stderr,none": 0.020660597485026938}, "mmlu_high_school_microeconomics": {"alias": "  - high_school_microeconomics", "acc,none": 0.226890756302521, "acc_stderr,none": 0.027205371538279483}, "mmlu_high_school_psychology": {"alias": "  - high_school_psychology", "acc,none": 0.27155963302752295, "acc_stderr,none": 0.019069098363191442}, "mmlu_human_sexuality": {"alias": "  - human_sexuality", "acc,none": 0.2366412213740458, "acc_stderr,none": 0.03727673575596919}, "mmlu_professional_psychology": {"alias": "  - professional_psychology", "acc,none": 0.27124183006535946, "acc_stderr,none": 0.017986615304030305}, "mmlu_public_relations": {"alias": "  - public_relations", "acc,none": 0.34545454545454546, "acc_stderr,none": 0.04554619617541054}, "mmlu_security_studies": {"alias": "  - security_studies", "acc,none": 0.20408163265306123, "acc_stderr,none": 0.02580128347509051}, "mmlu_sociology": {"alias": "  - sociology", "acc,none": 0.22388059701492538, "acc_stderr,none": 0.029475250236017193}, "mmlu_us_foreign_policy": {"alias": "  - us_foreign_policy", "acc,none": 0.23, "acc_stderr,none": 0.042295258468165065}, "mmlu_stem": {"acc,none": 0.24389470345702505, "acc_stderr,none": 0.0076395873163037685, "alias": " - stem"}, "mmlu_abstract_algebra": {"alias": "  - abstract_algebra", "acc,none": 0.29, "acc_stderr,none": 0.045604802157206845}, "mmlu_anatomy": {"alias": "  - anatomy", "acc,none": 0.2740740740740741, "acc_stderr,none": 0.03853254836552003}, "mmlu_astronomy": {"alias": "  - astronomy", "acc,none": 0.28289473684210525, "acc_stderr,none": 0.03665349695640767}, "mmlu_college_biology": {"alias": "  - college_biology", "acc,none": 0.22916666666666666, "acc_stderr,none": 0.035146974678623884}, "mmlu_college_chemistry": {"alias": "  - college_chemistry", "acc,none": 0.12, "acc_stderr,none": 0.03265986323710906}, "mmlu_college_computer_science": {"alias": "  - college_computer_science", "acc,none": 0.27, "acc_stderr,none": 0.044619604333847394}, "mmlu_college_mathematics": {"alias": "  - college_mathematics", "acc,none": 0.21, "acc_stderr,none": 0.040936018074033256}, "mmlu_college_physics": {"alias": "  - college_physics", "acc,none": 0.18627450980392157, "acc_stderr,none": 0.038739587141493524}, "mmlu_computer_security": {"alias": "  - computer_security", "acc,none": 0.26, "acc_stderr,none": 0.04408440022768079}, "mmlu_conceptual_physics": {"alias": "  - conceptual_physics", "acc,none": 0.30638297872340425, "acc_stderr,none": 0.03013590647851756}, "mmlu_electrical_engineering": {"alias": "  - electrical_engineering", "acc,none": 0.21379310344827587, "acc_stderr,none": 0.034165204477475494}, "mmlu_elementary_mathematics": {"alias": "  - elementary_mathematics", "acc,none": 0.2566137566137566, "acc_stderr,none": 0.022494510767503154}, "mmlu_high_school_biology": {"alias": "  - high_school_biology", "acc,none": 0.23548387096774193, "acc_stderr,none": 0.02413763242933771},