{"results": {"arc_challenge": {"alias": "arc_challenge", "acc,none": 0.47952218430034127, "acc_stderr,none": 0.014599131353035014, "acc_norm,none": 0.5110921501706485, "acc_norm_stderr,none": 0.01460779491401305}, "gsm8k": {"alias": "gsm8k", "exact_match,strict-match": 0.8134950720242609, "exact_match_stderr,strict-match": 0.010729140039689894, "exact_match,flexible-extract": 0.8180439727065959, "exact_match_stderr,flexible-extract": 0.010627077371675793}, "hellaswag": {"alias": "hellaswag", "acc,none": 0.60017924716192, "acc_stderr,none": 0.004888601874547494, "acc_norm,none": 0.7891854212308305, "acc_norm_stderr,none": 0.004070533786739673}, "mmlu": {"acc,none": 0.7182737501780373, "acc_stderr,none": 0.0035350256258630417, "alias": "mmlu"}, "mmlu_humanities": {"acc,none": 0.6282678002125398, "acc_stderr,none": 0.006386057142957089, "alias": " - humanities"}, "mmlu_formal_logic": {"alias": "  - formal_logic", "acc,none": 0.5555555555555556, "acc_stderr,none": 0.04444444444444449}, "mmlu_high_school_european_history": {"alias": "  - high_school_european_history", "acc,none": 0.8363636363636363, "acc_stderr,none": 0.02888787239548795}, "mmlu_high_school_us_history": {"alias": "  - high_school_us_history", "acc,none": 0.8676470588235294, "acc_stderr,none": 0.02378429752091885}, "mmlu_high_school_world_history": {"alias": "  - high_school_world_history", "acc,none": 0.8734177215189873, "acc_stderr,none": 0.021644195727955173}, "mmlu_international_law": {"alias": "  - international_law", "acc,none": 0.8512396694214877, "acc_stderr,none": 0.03248470083807195}, "mmlu_jurisprudence": {"alias": "  - jurisprudence", "acc,none": 0.8333333333333334, "acc_stderr,none": 0.036028141763926436}, "mmlu_logical_fallacies": {"alias": "  - logical_fallacies", "acc,none": 0.8220858895705522, "acc_stderr,none": 0.03004735765580662}, "mmlu_moral_disputes": {"alias": "  - moral_disputes", "acc,none": 0.8034682080924855, "acc_stderr,none": 0.021393961404363854}, "mmlu_moral_scenarios": {"alias": "  - moral_scenarios", "acc,none": 0.3039106145251397, "acc_stderr,none": 0.015382845587584518}, "mmlu_philosophy": {"alias": "  - philosophy", "acc,none": 0.7845659163987139, "acc_stderr,none": 0.023350225475471442}, "mmlu_prehistory": {"alias": "  - prehistory", "acc,none": 0.8364197530864198, "acc_stderr,none": 0.02058146613825715}, "mmlu_professional_law": {"alias": "  - professional_law", "acc,none": 0.5378096479791395, "acc_stderr,none": 0.012733671880342506}, "mmlu_world_religions": {"alias": "  - world_religions", "acc,none": 0.8596491228070176, "acc_stderr,none": 0.0266405825391332}, "mmlu_other": {"acc,none": 0.7669777920823946, "acc_stderr,none": 0.00724471423171498, "alias": " - other"}, "mmlu_business_ethics": {"alias": "  - business_ethics", "acc,none": 0.75, "acc_stderr,none": 0.04351941398892446}, "mmlu_clinical_knowledge": {"alias": "  - clinical_knowledge", "acc,none": 0.769811320754717, "acc_stderr,none": 0.025907897122408173}, "mmlu_college_medicine": {"alias": "  - college_medicine", "acc,none": 0.6936416184971098, "acc_stderr,none": 0.03514942551267437}, "mmlu_global_facts": {"alias": "  - global_facts", "acc,none": 0.43, "acc_stderr,none": 0.049756985195624284}, "mmlu_human_aging": {"alias": "  - human_aging", "acc,none": 0.7713004484304933, "acc_stderr,none": 0.028188240046929193}, "mmlu_management": {"alias": "  - management", "acc,none": 0.8932038834951457, "acc_stderr,none": 0.030581088928331352}, "mmlu_marketing": {"alias": "  - marketing", "acc,none": 0.9316239316239316, "acc_stderr,none": 0.01653462768431136}, "mmlu_medical_genetics": {"alias": "  - medical_genetics", "acc,none": 0.86, "acc_stderr,none": 0.034873508801977704}, "mmlu_miscellaneous": {"alias": "  - miscellaneous", "acc,none": 0.8582375478927203, "acc_stderr,none": 0.012473289071272039}, "mmlu_nutrition": {"alias": "  - nutrition", "acc,none": 0.8006535947712419, "acc_stderr,none": 0.02287581699346406}, "mmlu_professional_accounting": {"alias": "  - professional_accounting", "acc,none": 0.549645390070922, "acc_stderr,none": 0.02968010556502904}, "mmlu_professional_medicine": {"alias": "  - professional_medicine", "acc,none": 0.7830882352941176, "acc_stderr,none": 0.025035845227711254}, "mmlu_virology": {"alias": "  - virology", "acc,none": 0.5301204819277109, "acc_stderr,none": 0.03885425420866767}, "mmlu_social_sciences": {"acc,none": 0.8248293792655184, "acc_stderr,none": 0.006735213681169927, "alias": " - social sciences"}, "mmlu_econometrics": {"alias": "  - econometrics", "acc,none": 0.6228070175438597, "acc_stderr,none": 0.04559522141958216}, "mmlu_high_school_geography": {"alias": "  - high_school_geography", "acc,none": 0.8838383838383839, "acc_stderr,none": 0.022828881775249377}, "mmlu_high_school_government_and_politics": {"alias": "  - high_school_government_and_politics", "acc,none": 0.9378238341968912, "acc_stderr,none": 0.017426974154240524}, "mmlu_high_school_macroeconomics": {"alias": "  - high_school_macroeconomics", "acc,none": 0.782051282051282, "acc_stderr,none": 0.020932445774463185}, "mmlu_high_school_microeconomics": {"alias": "  - high_school_microeconomics", "acc,none": 0.8907563025210085, "acc_stderr,none": 0.020262987400605337}, "mmlu_high_school_psychology": {"alias": "  - high_school_psychology", "acc,none": 0.8917431192660551, "acc_stderr,none": 0.013321348447611727}, "mmlu_human_sexuality": {"alias": "  - human_sexuality", "acc,none": 0.816793893129771, "acc_stderr,none": 0.03392770926494733}, "mmlu_professional_psychology": {"alias": "  - professional_psychology", "acc,none": 0.7777777777777778, "acc_stderr,none": 0.016819028375736383}, "mmlu_public_relations": {"alias": "  - public_relations", "acc,none": 0.6818181818181818, "acc_stderr,none": 0.04461272175910508}, "mmlu_security_studies": {"alias": "  - security_studies", "acc,none": 0.7755102040816326, "acc_stderr,none": 0.02671143055553841}, "mmlu_sociology": {"alias": "  - sociology", "acc,none": 0.8507462686567164, "acc_stderr,none": 0.02519692987482707}, "mmlu_us_foreign_policy": {"alias": "  - us_foreign_policy", "acc,none": 0.89, "acc_stderr,none": 0.03144660377352203}, "mmlu_stem": {"acc,none": 0.7006026006977482, "acc_stderr,none": 0.007929699713143052, "alias": " - stem"}, "mmlu_abstract_algebra": {"alias": "  - abstract_algebra", "acc,none": 0.52, "acc_stderr,none": 0.050211673156867795}, "mmlu_anatomy": {"alias": "  - anatomy", "acc,none": 0.7111111111111111, "acc_stderr,none": 0.03915450630414251}, "mmlu_astronomy": {"alias": "  - astronomy", "acc,none": 0.8421052631578947, "acc_stderr,none": 0.029674167520101456}, "mmlu_college_biology": {"alias": "  - college_biology", "acc,none": 0.8263888888888888, "acc_stderr,none": 0.03167473383795718}, "mmlu_college_chemistry": {"alias": "  - college_chemistry", "acc,none": 0.55, "acc_stderr,none": 0.05}, "mmlu_college_computer_science": {"alias": "  - college_computer_science", "acc,none": 0.7, "acc_stderr,none": 0.046056618647183814}, "mmlu_college_mathematics": {"alias": "  - college_mathematics", "acc,none": 0.53, "acc_stderr,none": 0.05016135580465919}, "mmlu_college_physics": {"alias": "  - college_physics", "acc,none": 0.49019607843137253, "acc_stderr,none": 0.04974229460422817}, "mmlu_computer_security": {"alias": "  - computer_security", "acc,none": 0.84, "acc_stderr,none": 0.036845294917747094}, "mmlu_conceptual_physics": {"alias": "  - conceptual_physics", "acc,none": 0.7404255319148936, "acc_stderr,none": 0.028659179374292326}, "mmlu_electrical_engineering": {"alias": "  - electrical_engineering", "acc,none": 0.7103448275862069, "acc_stderr,none": 0.03780019230438014}, "mmlu_elementary_mathematics": {"alias": "  - elementary_mathematics", "acc,none": 0.7275132275132276, "acc_stderr,none": 0.02293097307163335}, "mmlu_high_school_biology": {"alias": "  - high_school_biology", "acc,none": 0.8709677419354839, "acc_stderr,none": 0.01907088925479277}, "mmlu_high_school_chemistry": {"alias": "  - high_school_chemistry",