{"results": {"arc_challenge": {"alias": "arc_challenge", "acc,none": 0.39334470989761094, "acc_stderr,none": 0.01427510146569302, "acc_norm,none": 0.42662116040955633, "acc_norm_stderr,none": 0.014453185592920293}, "gsm8k": {"alias": "gsm8k", "exact_match,strict-match": 0.1023502653525398, "exact_match_stderr,strict-match": 0.008349110996208818, "exact_match,flexible-extract": 0.11372251705837756, "exact_match_stderr,flexible-extract": 0.008744810131034038}, "hellaswag": {"alias": "hellaswag", "acc,none": 0.5610436168094005, "acc_stderr,none": 0.004952454721934816, "acc_norm,none": 0.7586138219478191, "acc_norm_stderr,none": 0.004270493757206191}, "mmlu": {"acc,none": 0.41204956558894745, "acc_stderr,none": 0.004060984461155996, "alias": "mmlu"}, "mmlu_humanities": {"acc,none": 0.3802337938363443, "acc_stderr,none": 0.006891338287391853, "alias": " - humanities"}, "mmlu_formal_logic": {"alias": "  - formal_logic", "acc,none": 0.30952380952380953, "acc_stderr,none": 0.04134913018303316}, "mmlu_high_school_european_history": {"alias": "  - high_school_european_history", "acc,none": 0.5212121212121212, "acc_stderr,none": 0.03900828913737302}, "mmlu_high_school_us_history": {"alias": "  - high_school_us_history", "acc,none": 0.5637254901960784, "acc_stderr,none": 0.03480693138457039}, "mmlu_high_school_world_history": {"alias": "  - high_school_world_history", "acc,none": 0.5780590717299579, "acc_stderr,none": 0.032148146302403695}, "mmlu_international_law": {"alias": "  - international_law", "acc,none": 0.47107438016528924, "acc_stderr,none": 0.04556710331269498}, "mmlu_jurisprudence": {"alias": "  - jurisprudence", "acc,none": 0.48148148148148145, "acc_stderr,none": 0.04830366024635331}, "mmlu_logical_fallacies": {"alias": "  - logical_fallacies", "acc,none": 0.4785276073619632, "acc_stderr,none": 0.03924746876751129}, "mmlu_moral_disputes": {"alias": "  - moral_disputes", "acc,none": 0.4161849710982659, "acc_stderr,none": 0.026538189104705467}, "mmlu_moral_scenarios": {"alias": "  - moral_scenarios", "acc,none": 0.24804469273743016, "acc_stderr,none": 0.014444157808261452}, "mmlu_philosophy": {"alias": "  - philosophy", "acc,none": 0.48231511254019294, "acc_stderr,none": 0.028380322849077138}, "mmlu_prehistory": {"alias": "  - prehistory", "acc,none": 0.41975308641975306, "acc_stderr,none": 0.027460099557005135}, "mmlu_professional_law": {"alias": "  - professional_law", "acc,none": 0.30638852672750977, "acc_stderr,none": 0.011773980329380727}, "mmlu_world_religions": {"alias": "  - world_religions", "acc,none": 0.6023391812865497, "acc_stderr,none": 0.03753638955761691}, "mmlu_other": {"acc,none": 0.47022851625362083, "acc_stderr,none": 0.008825297327750526, "alias": " - other"}, "mmlu_business_ethics": {"alias": "  - business_ethics", "acc,none": 0.52, "acc_stderr,none": 0.050211673156867795}, "mmlu_clinical_knowledge": {"alias": "  - clinical_knowledge", "acc,none": 0.43018867924528303, "acc_stderr,none": 0.030471445867183238}, "mmlu_college_medicine": {"alias": "  - college_medicine", "acc,none": 0.4624277456647399, "acc_stderr,none": 0.0380168510452446}, "mmlu_global_facts": {"alias": "  - global_facts", "acc,none": 0.31, "acc_stderr,none": 0.04648231987117316}, "mmlu_human_aging": {"alias": "  - human_aging", "acc,none": 0.4798206278026906, "acc_stderr,none": 0.033530461674123}, "mmlu_management": {"alias": "  - management", "acc,none": 0.5922330097087378, "acc_stderr,none": 0.048657775704107696}, "mmlu_marketing": {"alias": "  - marketing", "acc,none": 0.6794871794871795, "acc_stderr,none": 0.030572811310299607}, "mmlu_medical_genetics": {"alias": "  - medical_genetics", "acc,none": 0.48, "acc_stderr,none": 0.050211673156867795}, "mmlu_miscellaneous": {"alias": "  - miscellaneous", "acc,none": 0.5044699872286079, "acc_stderr,none": 0.017879248970584363}, "mmlu_nutrition": {"alias": "  - nutrition", "acc,none": 0.4803921568627451, "acc_stderr,none": 0.028607893699576073}, "mmlu_professional_accounting": {"alias": "  - professional_accounting", "acc,none": 0.3333333333333333, "acc_stderr,none": 0.028121636040639896}, "mmlu_professional_medicine": {"alias": "  - professional_medicine", "acc,none": 0.3492647058823529, "acc_stderr,none": 0.028959755196824862}, "mmlu_virology": {"alias": "  - virology", "acc,none": 0.46987951807228917, "acc_stderr,none": 0.03885425420866766}, "mmlu_social_sciences": {"acc,none": 0.46408839779005523, "acc_stderr,none": 0.008906195530510403, "alias": " - social sciences"}, "mmlu_econometrics": {"alias": "  - econometrics", "acc,none": 0.2894736842105263, "acc_stderr,none": 0.04266339443159394}, "mmlu_high_school_geography": {"alias": "  - high_school_geography", "acc,none": 0.4595959595959596, "acc_stderr,none": 0.035507024651313425}, "mmlu_high_school_government_and_politics": {"alias": "  - high_school_government_and_politics", "acc,none": 0.5025906735751295, "acc_stderr,none": 0.03608390745384486}, "mmlu_high_school_macroeconomics": {"alias": "  - high_school_macroeconomics", "acc,none": 0.40512820512820513, "acc_stderr,none": 0.024890471769938145}, "mmlu_high_school_microeconomics": {"alias": "  - high_school_microeconomics", "acc,none": 0.4411764705882353, "acc_stderr,none": 0.0322529423239964}, "mmlu_high_school_psychology": {"alias": "  - high_school_psychology", "acc,none": 0.5376146788990825, "acc_stderr,none": 0.021376575274397576}, "mmlu_human_sexuality": {"alias": "  - human_sexuality", "acc,none": 0.44274809160305345, "acc_stderr,none": 0.043564472026650695}, "mmlu_professional_psychology": {"alias": "  - professional_psychology", "acc,none": 0.4133986928104575, "acc_stderr,none": 0.01992211568278667}, "mmlu_public_relations": {"alias": "  - public_relations", "acc,none": 0.5181818181818182, "acc_stderr,none": 0.04785964010794916}, "mmlu_security_studies": {"alias": "  - security_studies", "acc,none": 0.4122448979591837, "acc_stderr,none": 0.03151236044674281}, "mmlu_sociology": {"alias": "  - sociology", "acc,none": 0.5771144278606966, "acc_stderr,none": 0.034932317774212816}, "mmlu_us_foreign_policy": {"alias": "  - us_foreign_policy", "acc,none": 0.66, "acc_stderr,none": 0.04760952285695237}, "mmlu_stem": {"acc,none": 0.35141135426577863, "acc_stderr,none": 0.008376781894930858, "alias": " - stem"}, "mmlu_abstract_algebra": {"alias": "  - abstract_algebra", "acc,none": 0.3, "acc_stderr,none": 0.046056618647183814}, "mmlu_anatomy": {"alias": "  - anatomy", "acc,none": 0.43703703703703706, "acc_stderr,none": 0.04284958639753399}, "mmlu_astronomy": {"alias": "  - astronomy", "acc,none": 0.4276315789473684, "acc_stderr,none": 0.04026097083296558}, "mmlu_college_biology": {"alias": "  - college_biology", "acc,none": 0.4722222222222222, "acc_stderr,none": 0.04174752578923185}, "mmlu_college_chemistry": {"alias": "  - college_chemistry", "acc,none": 0.28, "acc_stderr,none": 0.045126085985421276}, "mmlu_college_computer_science": {"alias": "  - college_computer_science", "acc,none": 0.39, "acc_stderr,none": 0.04902071300001974}, "mmlu_college_mathematics": {"alias": "  - college_mathematics", "acc,none": 0.35, "acc_stderr,none": 0.0479372485441102}, "mmlu_college_physics": {"alias": "  - college_physics", "acc,none": 0.27450980392156865, "acc_stderr,none": 0.04440521906179326}, "mmlu_computer_security": {"alias": "  - computer_security", "acc,none": 0.55, "acc_stderr,none": 0.05}, "mmlu_conceptual_physics": {"alias": "  - conceptual_physics", "acc,none": 0.3191489361702128, "acc_stderr,none": 0.030472973363380045}, "mmlu_electrical_engineering": {"alias": "  - electrical_engineering", "acc,none": 0.4413793103448276, "acc_stderr,none": 0.04137931034482757}, "mmlu_elementary_mathematics": {"alias": "  - elementary_mathematics", "acc,none": 0.2619047619047619, "acc_stderr,none": 0.022644212615525218}, "mmlu_high_school_biology": {"alias": "  - high_school_biology", "acc,none": 0.47096774193548385, "acc_stderr,none": 0.028396016402761}, "mmlu_high_school_chemistry": {"alias": "  - high_school_chemistry",