{"results": {"arc_challenge": {"alias": "arc_challenge", "acc,none": 0.33276450511945393, "acc_stderr,none": 0.013769863046192297, "acc_norm,none": 0.38054607508532423, "acc_norm_stderr,none": 0.014188277712349812}, "gsm8k": {"alias": "gsm8k", "exact_match,strict-match": 0.0356330553449583, "exact_match_stderr,strict-match": 0.00510610785374419, "exact_match,flexible-extract": 0.0401819560272934, "exact_match_stderr,flexible-extract": 0.005409439736970528}, "hellaswag": {"alias": "hellaswag", "acc,none": 0.5151364270065724, "acc_stderr,none": 0.004987494455523719, "acc_norm,none": 0.6881099382593109, "acc_norm_stderr,none": 0.004623184227344791}, "mmlu": {"acc,none": 0.2591511180743484, "acc_stderr,none": 0.0036881500067291084, "alias": "mmlu"}, "mmlu_humanities": {"acc,none": 0.26439957492029753, "acc_stderr,none": 0.006431226758896053, "alias": " - humanities"}, "mmlu_formal_logic": {"alias": "  - formal_logic", "acc,none": 0.20634920634920634, "acc_stderr,none": 0.03619604524124249}, "mmlu_high_school_european_history": {"alias": "  - high_school_european_history", "acc,none": 0.20606060606060606, "acc_stderr,none": 0.03158415324047711}, "mmlu_high_school_us_history": {"alias": "  - high_school_us_history", "acc,none": 0.27450980392156865, "acc_stderr,none": 0.03132179803083294}, "mmlu_high_school_world_history": {"alias": "  - high_school_world_history", "acc,none": 0.3037974683544304, "acc_stderr,none": 0.029936696387138605}, "mmlu_international_law": {"alias": "  - international_law", "acc,none": 0.2975206611570248, "acc_stderr,none": 0.04173349148083499}, "mmlu_jurisprudence": {"alias": "  - jurisprudence", "acc,none": 0.25, "acc_stderr,none": 0.04186091791394607}, "mmlu_logical_fallacies": {"alias": "  - logical_fallacies", "acc,none": 0.3006134969325153, "acc_stderr,none": 0.03602511318806771}, "mmlu_moral_disputes": {"alias": "  - moral_disputes", "acc,none": 0.2543352601156069, "acc_stderr,none": 0.023445826276545546}, "mmlu_moral_scenarios": {"alias": "  - moral_scenarios", "acc,none": 0.2547486033519553, "acc_stderr,none": 0.01457265038340916}, "mmlu_philosophy": {"alias": "  - philosophy", "acc,none": 0.27009646302250806, "acc_stderr,none": 0.02521804037341062}, "mmlu_prehistory": {"alias": "  - prehistory", "acc,none": 0.2777777777777778, "acc_stderr,none": 0.02492200116888633}, "mmlu_professional_law": {"alias": "  - professional_law", "acc,none": 0.26401564537157757, "acc_stderr,none": 0.011258435537723807}, "mmlu_world_religions": {"alias": "  - world_religions", "acc,none": 0.28654970760233917, "acc_stderr,none": 0.034678266857038266}, "mmlu_other": {"acc,none": 0.27711618925008047, "acc_stderr,none": 0.007971977277287658, "alias": " - other"}, "mmlu_business_ethics": {"alias": "  - business_ethics", "acc,none": 0.24, "acc_stderr,none": 0.042923469599092816}, "mmlu_clinical_knowledge": {"alias": "  - clinical_knowledge", "acc,none": 0.2679245283018868, "acc_stderr,none": 0.02725726032249485}, "mmlu_college_medicine": {"alias": "  - college_medicine", "acc,none": 0.23699421965317918, "acc_stderr,none": 0.032424147574830996}, "mmlu_global_facts": {"alias": "  - global_facts", "acc,none": 0.35, "acc_stderr,none": 0.047937248544110196}, "mmlu_human_aging": {"alias": "  - human_aging", "acc,none": 0.4125560538116592, "acc_stderr,none": 0.03304062175449297}, "mmlu_management": {"alias": "  - management", "acc,none": 0.17475728155339806, "acc_stderr,none": 0.0376017800602662}, "mmlu_marketing": {"alias": "  - marketing", "acc,none": 0.2948717948717949, "acc_stderr,none": 0.029872577708891162}, "mmlu_medical_genetics": {"alias": "  - medical_genetics", "acc,none": 0.38, "acc_stderr,none": 0.048783173121456316}, "mmlu_miscellaneous": {"alias": "  - miscellaneous", "acc,none": 0.29118773946360155, "acc_stderr,none": 0.016246087069701393}, "mmlu_nutrition": {"alias": "  - nutrition", "acc,none": 0.27450980392156865, "acc_stderr,none": 0.02555316999182651}, "mmlu_professional_accounting": {"alias": "  - professional_accounting", "acc,none": 0.25177304964539005, "acc_stderr,none": 0.025892151156709405}, "mmlu_professional_medicine": {"alias": "  - professional_medicine", "acc,none": 0.15808823529411764, "acc_stderr,none": 0.022161462608068512}, "mmlu_virology": {"alias": "  - virology", "acc,none": 0.28313253012048195, "acc_stderr,none": 0.03507295431370519}, "mmlu_social_sciences": {"acc,none": 0.24731881702957426, "acc_stderr,none": 0.007765231954169118, "alias": " - social sciences"}, "mmlu_econometrics": {"alias": "  - econometrics", "acc,none": 0.24561403508771928, "acc_stderr,none": 0.04049339297748139}, "mmlu_high_school_geography": {"alias": "  - high_school_geography", "acc,none": 0.23232323232323232, "acc_stderr,none": 0.030088629490217487}, "mmlu_high_school_government_and_politics": {"alias": "  - high_school_government_and_politics", "acc,none": 0.25906735751295334, "acc_stderr,none": 0.03161877917935409}, "mmlu_high_school_macroeconomics": {"alias": "  - high_school_macroeconomics", "acc,none": 0.23846153846153847, "acc_stderr,none": 0.021606294494647727}, "mmlu_high_school_microeconomics": {"alias": "  - high_school_microeconomics", "acc,none": 0.25210084033613445, "acc_stderr,none": 0.028205545033277723}, "mmlu_high_school_psychology": {"alias": "  - high_school_psychology", "acc,none": 0.22568807339449543, "acc_stderr,none": 0.01792308766780305}, "mmlu_human_sexuality": {"alias": "  - human_sexuality", "acc,none": 0.22900763358778625, "acc_stderr,none": 0.036853466317118506}, "mmlu_professional_psychology": {"alias": "  - professional_psychology", "acc,none": 0.3006535947712418, "acc_stderr,none": 0.018550634502952964}, "mmlu_public_relations": {"alias": "  - public_relations", "acc,none": 0.2909090909090909, "acc_stderr,none": 0.04350271442923243}, "mmlu_security_studies": {"alias": "  - security_studies", "acc,none": 0.17142857142857143, "acc_stderr,none": 0.024127463462650125}, "mmlu_sociology": {"alias": "  - sociology", "acc,none": 0.21890547263681592, "acc_stderr,none": 0.029239174636647}, "mmlu_us_foreign_policy": {"alias": "  - us_foreign_policy", "acc,none": 0.29, "acc_stderr,none": 0.04560480215720684}, "mmlu_stem": {"acc,none": 0.24516333650491595, "acc_stderr,none": 0.00765158107081138, "alias": " - stem"}, "mmlu_abstract_algebra": {"alias": "  - abstract_algebra", "acc,none": 0.31, "acc_stderr,none": 0.04648231987117316}, "mmlu_anatomy": {"alias": "  - anatomy", "acc,none": 0.2222222222222222, "acc_stderr,none": 0.035914440841969694}, "mmlu_astronomy": {"alias": "  - astronomy", "acc,none": 0.3157894736842105, "acc_stderr,none": 0.037827289808654685}, "mmlu_college_biology": {"alias": "  - college_biology", "acc,none": 0.20833333333333334, "acc_stderr,none": 0.03396116205845333}, "mmlu_college_chemistry": {"alias": "  - college_chemistry", "acc,none": 0.19, "acc_stderr,none": 0.03942772444036623}, "mmlu_college_computer_science": {"alias": "  - college_computer_science", "acc,none": 0.18, "acc_stderr,none": 0.03861229196653697}, "mmlu_college_mathematics": {"alias": "  - college_mathematics", "acc,none": 0.26, "acc_stderr,none": 0.04408440022768079}, "mmlu_college_physics": {"alias": "  - college_physics", "acc,none": 0.23529411764705882, "acc_stderr,none": 0.04220773659171452}, "mmlu_computer_security": {"alias": "  - computer_security", "acc,none": 0.27, "acc_stderr,none": 0.04461960433384741}, "mmlu_conceptual_physics": {"alias": "  - conceptual_physics", "acc,none": 0.28085106382978725, "acc_stderr,none": 0.029379170464124825}, "mmlu_electrical_engineering": {"alias": "  - electrical_engineering", "acc,none": 0.2482758620689655, "acc_stderr,none": 0.0360010569272777}, "mmlu_elementary_mathematics": {"alias": "  - elementary_mathematics", "acc,none": 0.2328042328042328, "acc_stderr,none": 0.02176596167215454}, "mmlu_high_school_biology": {"alias": "  - high_school_biology", "acc,none": 0.21935483870967742, "acc_stderr,none": 0.023540799358723295},