{"results": {"arc_challenge": {"alias": "arc_challenge", "acc,none": 0.613481228668942, "acc_stderr,none": 0.01423008476191047, "acc_norm,none": 0.6561433447098977, "acc_norm_stderr,none": 0.013880644570156218}, "gsm8k": {"alias": "gsm8k", "exact_match,strict-match": 0.6990144048521607, "exact_match_stderr,strict-match": 0.012634504465211185, "exact_match,flexible-extract": 0.6990144048521607, "exact_match_stderr,flexible-extract": 0.012634504465211185}, "hellaswag": {"alias": "hellaswag", "acc,none": 0.6109340768771161, "acc_stderr,none": 0.004865419468213892, "acc_norm,none": 0.7986456881099383, "acc_norm_stderr,none": 0.0040019260497529555}, "mmlu": {"acc,none": 0.6914257228315055, "acc_stderr,none": 0.003631791343965748, "alias": "mmlu"}, "mmlu_humanities": {"acc,none": 0.6059511158342189, "acc_stderr,none": 0.006540480338494114, "alias": " - humanities"}, "mmlu_formal_logic": {"alias": "  - formal_logic", "acc,none": 0.4603174603174603, "acc_stderr,none": 0.04458029125470973}, "mmlu_high_school_european_history": {"alias": "  - high_school_european_history", "acc,none": 0.7757575757575758, "acc_stderr,none": 0.032568666616811015}, "mmlu_high_school_us_history": {"alias": "  - high_school_us_history", "acc,none": 0.8676470588235294, "acc_stderr,none": 0.02378429752091885}, "mmlu_high_school_world_history": {"alias": "  - high_school_world_history", "acc,none": 0.8523206751054853, "acc_stderr,none": 0.023094329582595684}, "mmlu_international_law": {"alias": "  - international_law", "acc,none": 0.8347107438016529, "acc_stderr,none": 0.03390780612972776}, "mmlu_jurisprudence": {"alias": "  - jurisprudence", "acc,none": 0.8148148148148148, "acc_stderr,none": 0.037552658650371835}, "mmlu_logical_fallacies": {"alias": "  - logical_fallacies", "acc,none": 0.8282208588957055, "acc_stderr,none": 0.029634717272371037}, "mmlu_moral_disputes": {"alias": "  - moral_disputes", "acc,none": 0.7398843930635838, "acc_stderr,none": 0.023618678310069356}, "mmlu_moral_scenarios": {"alias": "  - moral_scenarios", "acc,none": 0.29720670391061454, "acc_stderr,none": 0.0152853133536416}, "mmlu_philosophy": {"alias": "  - philosophy", "acc,none": 0.7331189710610932, "acc_stderr,none": 0.025122637608816643}, "mmlu_prehistory": {"alias": "  - prehistory", "acc,none": 0.7746913580246914, "acc_stderr,none": 0.023246202647819757}, "mmlu_professional_law": {"alias": "  - professional_law", "acc,none": 0.5319426336375489, "acc_stderr,none": 0.012744149704869649}, "mmlu_world_religions": {"alias": "  - world_religions", "acc,none": 0.847953216374269, "acc_stderr,none": 0.027539122889061463}, "mmlu_other": {"acc,none": 0.7502413904087544, "acc_stderr,none": 0.007474904289487429, "alias": " - other"}, "mmlu_business_ethics": {"alias": "  - business_ethics", "acc,none": 0.68, "acc_stderr,none": 0.04688261722621505}, "mmlu_clinical_knowledge": {"alias": "  - clinical_knowledge", "acc,none": 0.769811320754717, "acc_stderr,none": 0.025907897122408173}, "mmlu_college_medicine": {"alias": "  - college_medicine", "acc,none": 0.6763005780346821, "acc_stderr,none": 0.0356760379963917}, "mmlu_global_facts": {"alias": "  - global_facts", "acc,none": 0.5, "acc_stderr,none": 0.050251890762960605}, "mmlu_human_aging": {"alias": "  - human_aging", "acc,none": 0.7713004484304933, "acc_stderr,none": 0.028188240046929196}, "mmlu_management": {"alias": "  - management", "acc,none": 0.7961165048543689, "acc_stderr,none": 0.03989139859531769}, "mmlu_marketing": {"alias": "  - marketing", "acc,none": 0.9017094017094017, "acc_stderr,none": 0.019503444900757567}, "mmlu_medical_genetics": {"alias": "  - medical_genetics", "acc,none": 0.82, "acc_stderr,none": 0.038612291966536934}, "mmlu_miscellaneous": {"alias": "  - miscellaneous", "acc,none": 0.8505747126436781, "acc_stderr,none": 0.012748670802527107}, "mmlu_nutrition": {"alias": "  - nutrition", "acc,none": 0.7549019607843137, "acc_stderr,none": 0.02463004897982476}, "mmlu_professional_accounting": {"alias": "  - professional_accounting", "acc,none": 0.5354609929078015, "acc_stderr,none": 0.029752389657427054}, "mmlu_professional_medicine": {"alias": "  - professional_medicine", "acc,none": 0.7830882352941176, "acc_stderr,none": 0.025035845227711264}, "mmlu_virology": {"alias": "  - virology", "acc,none": 0.5060240963855421, "acc_stderr,none": 0.03892212195333045}, "mmlu_social_sciences": {"acc,none": 0.812804679883003, "acc_stderr,none": 0.006878259261057344, "alias": " - social sciences"}, "mmlu_econometrics": {"alias": "  - econometrics", "acc,none": 0.5614035087719298, "acc_stderr,none": 0.04668000738510455}, "mmlu_high_school_geography": {"alias": "  - high_school_geography", "acc,none": 0.8787878787878788, "acc_stderr,none": 0.023253157951942084}, "mmlu_high_school_government_and_politics": {"alias": "  - high_school_government_and_politics", "acc,none": 0.9326424870466321, "acc_stderr,none": 0.018088393839078905}, "mmlu_high_school_macroeconomics": {"alias": "  - high_school_macroeconomics", "acc,none": 0.764102564102564, "acc_stderr,none": 0.021525965407408726}, "mmlu_high_school_microeconomics": {"alias": "  - high_school_microeconomics", "acc,none": 0.819327731092437, "acc_stderr,none": 0.02499196496660077}, "mmlu_high_school_psychology": {"alias": "  - high_school_psychology", "acc,none": 0.9064220183486239, "acc_stderr,none": 0.012486841824601979}, "mmlu_human_sexuality": {"alias": "  - human_sexuality", "acc,none": 0.7938931297709924, "acc_stderr,none": 0.035477710041594626}, "mmlu_professional_psychology": {"alias": "  - professional_psychology", "acc,none": 0.7450980392156863, "acc_stderr,none": 0.017630827375148383}, "mmlu_public_relations": {"alias": "  - public_relations", "acc,none": 0.7636363636363637, "acc_stderr,none": 0.040693063197213775}, "mmlu_security_studies": {"alias": "  - security_studies", "acc,none": 0.7591836734693878, "acc_stderr,none": 0.027372942201788167}, "mmlu_sociology": {"alias": "  - sociology", "acc,none": 0.8706467661691543, "acc_stderr,none": 0.023729830881018515}, "mmlu_us_foreign_policy": {"alias": "  - us_foreign_policy", "acc,none": 0.91, "acc_stderr,none": 0.028762349126466125}, "mmlu_stem": {"acc,none": 0.6425626387567396, "acc_stderr,none": 0.008188278431214419, "alias": " - stem"}, "mmlu_abstract_algebra": {"alias": "  - abstract_algebra", "acc,none": 0.42, "acc_stderr,none": 0.049604496374885836}, "mmlu_anatomy": {"alias": "  - anatomy", "acc,none": 0.7037037037037037, "acc_stderr,none": 0.03944624162501116}, "mmlu_astronomy": {"alias": "  - astronomy", "acc,none": 0.75, "acc_stderr,none": 0.03523807393012047}, "mmlu_college_biology": {"alias": "  - college_biology", "acc,none": 0.8680555555555556, "acc_stderr,none": 0.028300968382044423}, "mmlu_college_chemistry": {"alias": "  - college_chemistry", "acc,none": 0.56, "acc_stderr,none": 0.0498887651569859}, "mmlu_college_computer_science": {"alias": "  - college_computer_science", "acc,none": 0.51, "acc_stderr,none": 0.05024183937956911}, "mmlu_college_mathematics": {"alias": "  - college_mathematics", "acc,none": 0.45, "acc_stderr,none": 0.05}, "mmlu_college_physics": {"alias": "  - college_physics", "acc,none": 0.5196078431372549, "acc_stderr,none": 0.04971358884367405}, "mmlu_computer_security": {"alias": "  - computer_security", "acc,none": 0.75, "acc_stderr,none": 0.04351941398892446}, "mmlu_conceptual_physics": {"alias": "  - conceptual_physics", "acc,none": 0.6936170212765957, "acc_stderr,none": 0.030135906478517563}, "mmlu_electrical_engineering": {"alias": "  - electrical_engineering", "acc,none": 0.7034482758620689, "acc_stderr,none": 0.03806142687309993}, "mmlu_elementary_mathematics": {"alias": "  - elementary_mathematics", "acc,none": 0.5873015873015873, "acc_stderr,none": 0.02535574126305528}, "mmlu_high_school_biology": {"alias": "  - high_school_biology", "acc,none": 0.8903225806451613, "acc_stderr,none": 0.017776778700485153}, "mmlu_high_school_chemistry": {"alias": "  - high_school_chemistry", "acc,none": 0.6600985221674877,