{"results": {"arc_challenge": {"alias": "arc_challenge", "acc,none": 0.4684300341296928, "acc_stderr,none": 0.014582236460866984, "acc_norm,none": 0.49658703071672355, "acc_norm_stderr,none": 0.014611050403244081}, "gsm8k": {"alias": "gsm8k", "exact_match,strict-match": 0.24715693707354056, "exact_match_stderr,strict-match": 0.011881764043717094, "exact_match,flexible-extract": 0.24791508718726307, "exact_match_stderr,flexible-extract": 0.011893980214826166}, "hellaswag": {"alias": "hellaswag", "acc,none": 0.5494921330412268, "acc_stderr,none": 0.004965276587781626, "acc_norm,none": 0.7298346942840072, "acc_norm_stderr,none": 0.0044313755499113495}, "mmlu": {"acc,none": 0.49601196410767695, "acc_stderr,none": 0.004069927098153954, "alias": "mmlu"}, "mmlu_humanities": {"acc,none": 0.44314558979808716, "acc_stderr,none": 0.006984001945279049, "alias": " - humanities"}, "mmlu_formal_logic": {"alias": "  - formal_logic", "acc,none": 0.373015873015873, "acc_stderr,none": 0.04325506042017086}, "mmlu_high_school_european_history": {"alias": "  - high_school_european_history", "acc,none": 0.5878787878787879, "acc_stderr,none": 0.03843566993588717}, "mmlu_high_school_us_history": {"alias": "  - high_school_us_history", "acc,none": 0.5980392156862745, "acc_stderr,none": 0.034411900234824655}, "mmlu_high_school_world_history": {"alias": "  - high_school_world_history", "acc,none": 0.6075949367088608, "acc_stderr,none": 0.03178471874564729}, "mmlu_international_law": {"alias": "  - international_law", "acc,none": 0.6198347107438017, "acc_stderr,none": 0.04431324501968432}, "mmlu_jurisprudence": {"alias": "  - jurisprudence", "acc,none": 0.5555555555555556, "acc_stderr,none": 0.04803752235190193}, "mmlu_logical_fallacies": {"alias": "  - logical_fallacies", "acc,none": 0.5398773006134969, "acc_stderr,none": 0.039158572914369714}, "mmlu_moral_disputes": {"alias": "  - moral_disputes", "acc,none": 0.5346820809248555, "acc_stderr,none": 0.026854257928258886}, "mmlu_moral_scenarios": {"alias": "  - moral_scenarios", "acc,none": 0.2424581005586592, "acc_stderr,none": 0.014333522059217892}, "mmlu_philosophy": {"alias": "  - philosophy", "acc,none": 0.5594855305466238, "acc_stderr,none": 0.02819640057419743}, "mmlu_prehistory": {"alias": "  - prehistory", "acc,none": 0.5833333333333334, "acc_stderr,none": 0.027431623722415015}, "mmlu_professional_law": {"alias": "  - professional_law", "acc,none": 0.3774445893089961, "acc_stderr,none": 0.012380680911165808}, "mmlu_world_religions": {"alias": "  - world_religions", "acc,none": 0.631578947368421, "acc_stderr,none": 0.036996580176568775}, "mmlu_other": {"acc,none": 0.5658191181203733, "acc_stderr,none": 0.008715071647548941, "alias": " - other"}, "mmlu_business_ethics": {"alias": "  - business_ethics", "acc,none": 0.48, "acc_stderr,none": 0.05021167315686781}, "mmlu_clinical_knowledge": {"alias": "  - clinical_knowledge", "acc,none": 0.5660377358490566, "acc_stderr,none": 0.030503292013342592}, "mmlu_college_medicine": {"alias": "  - college_medicine", "acc,none": 0.5549132947976878, "acc_stderr,none": 0.03789401760283647}, "mmlu_global_facts": {"alias": "  - global_facts", "acc,none": 0.31, "acc_stderr,none": 0.046482319871173156}, "mmlu_human_aging": {"alias": "  - human_aging", "acc,none": 0.5964125560538116, "acc_stderr,none": 0.03292802819330313}, "mmlu_management": {"alias": "  - management", "acc,none": 0.6601941747572816, "acc_stderr,none": 0.046897659372781335}, "mmlu_marketing": {"alias": "  - marketing", "acc,none": 0.7692307692307693, "acc_stderr,none": 0.027601921381417614}, "mmlu_medical_genetics": {"alias": "  - medical_genetics", "acc,none": 0.62, "acc_stderr,none": 0.04878317312145633}, "mmlu_miscellaneous": {"alias": "  - miscellaneous", "acc,none": 0.6283524904214559, "acc_stderr,none": 0.017280802522133175}, "mmlu_nutrition": {"alias": "  - nutrition", "acc,none": 0.5718954248366013, "acc_stderr,none": 0.028332397483664274}, "mmlu_professional_accounting": {"alias": "  - professional_accounting", "acc,none": 0.38652482269503546, "acc_stderr,none": 0.029049190342543454}, "mmlu_professional_medicine": {"alias": "  - professional_medicine", "acc,none": 0.4889705882352941, "acc_stderr,none": 0.030365446477275675}, "mmlu_virology": {"alias": "  - virology", "acc,none": 0.4879518072289157, "acc_stderr,none": 0.0389136449583582}, "mmlu_social_sciences": {"acc,none": 0.574585635359116, "acc_stderr,none": 0.008709195461630768, "alias": " - social sciences"}, "mmlu_econometrics": {"alias": "  - econometrics", "acc,none": 0.32456140350877194, "acc_stderr,none": 0.044045561573747664}, "mmlu_high_school_geography": {"alias": "  - high_school_geography", "acc,none": 0.601010101010101, "acc_stderr,none": 0.0348890161685273}, "mmlu_high_school_government_and_politics": {"alias": "  - high_school_government_and_politics", "acc,none": 0.6787564766839378, "acc_stderr,none": 0.033699508685490674}, "mmlu_high_school_macroeconomics": {"alias": "  - high_school_macroeconomics", "acc,none": 0.4717948717948718, "acc_stderr,none": 0.025310639254933886}, "mmlu_high_school_microeconomics": {"alias": "  - high_school_microeconomics", "acc,none": 0.49159663865546216, "acc_stderr,none": 0.032473902765696686}, "mmlu_high_school_psychology": {"alias": "  - high_school_psychology", "acc,none": 0.708256880733945, "acc_stderr,none": 0.01948930096887654}, "mmlu_human_sexuality": {"alias": "  - human_sexuality", "acc,none": 0.5877862595419847, "acc_stderr,none": 0.04317171194870254}, "mmlu_professional_psychology": {"alias": "  - professional_psychology", "acc,none": 0.4820261437908497, "acc_stderr,none": 0.020214761037872404}, "mmlu_public_relations": {"alias": "  - public_relations", "acc,none": 0.5454545454545454, "acc_stderr,none": 0.04769300568972744}, "mmlu_security_studies": {"alias": "  - security_studies", "acc,none": 0.5918367346938775, "acc_stderr,none": 0.03146465712827424}, "mmlu_sociology": {"alias": "  - sociology", "acc,none": 0.7114427860696517, "acc_stderr,none": 0.032038410402133226}, "mmlu_us_foreign_policy": {"alias": "  - us_foreign_policy", "acc,none": 0.74, "acc_stderr,none": 0.04408440022768081}, "mmlu_stem": {"acc,none": 0.4294322867110688, "acc_stderr,none": 0.008598603124890913, "alias": " - stem"}, "mmlu_abstract_algebra": {"alias": "  - abstract_algebra", "acc,none": 0.29, "acc_stderr,none": 0.04560480215720683}, "mmlu_anatomy": {"alias": "  - anatomy", "acc,none": 0.5481481481481482, "acc_stderr,none": 0.04299268905480864}, "mmlu_astronomy": {"alias": "  - astronomy", "acc,none": 0.5131578947368421, "acc_stderr,none": 0.04067533136309174}, "mmlu_college_biology": {"alias": "  - college_biology", "acc,none": 0.5763888888888888, "acc_stderr,none": 0.041321250197233685}, "mmlu_college_chemistry": {"alias": "  - college_chemistry", "acc,none": 0.43, "acc_stderr,none": 0.049756985195624284}, "mmlu_college_computer_science": {"alias": "  - college_computer_science", "acc,none": 0.46, "acc_stderr,none": 0.05009082659620332}, "mmlu_college_mathematics": {"alias": "  - college_mathematics", "acc,none": 0.32, "acc_stderr,none": 0.046882617226215034}, "mmlu_college_physics": {"alias": "  - college_physics", "acc,none": 0.4019607843137255, "acc_stderr,none": 0.048786087144669955}, "mmlu_computer_security": {"alias": "  - computer_security", "acc,none": 0.57, "acc_stderr,none": 0.04975698519562428}, "mmlu_conceptual_physics": {"alias": "  - conceptual_physics", "acc,none": 0.425531914893617, "acc_stderr,none": 0.03232146916224469}, "mmlu_electrical_engineering": {"alias": "  - electrical_engineering", "acc,none": 0.5586206896551724, "acc_stderr,none": 0.04137931034482758}, "mmlu_elementary_mathematics": {"alias": "  - elementary_mathematics", "acc,none": 0.30952380952380953, "acc_stderr,none": 0.023809523809523867}, "mmlu_high_school_biology": {"alias": "  - high_school_biology", "acc,none": 0.6387096774193548, "acc_stderr,none": 0.02732754844795755}, "mmlu_high_school_chemistry": {"alias": "  - high_school_chemistry",