{"results": {"arc_challenge": {"alias": "arc_challenge", "acc,none": 0.2781569965870307, "acc_stderr,none": 0.013094469919538798, "acc_norm,none": 0.2858361774744027, "acc_norm_stderr,none": 0.013203196088537365}, "gsm8k": {"alias": "gsm8k", "exact_match,strict-match": 0.009855951478392721, "exact_match_stderr,strict-match": 0.0027210765770416586, "exact_match,flexible-extract": 0.01819560272934041, "exact_match_stderr,flexible-extract": 0.003681611894073871}, "hellaswag": {"alias": "hellaswag", "acc,none": 0.41276638119896436, "acc_stderr,none": 0.004913253031155691, "acc_norm,none": 0.5365465046803426, "acc_norm_stderr,none": 0.004976434387469981}, "mmlu": {"acc,none": 0.25950719270759154, "acc_stderr,none": 0.0036958685541825347, "alias": "mmlu"}, "mmlu_humanities": {"acc,none": 0.2592986184909671, "acc_stderr,none": 0.0063875411932417464, "alias": " - humanities"}, "mmlu_formal_logic": {"alias": "  - formal_logic", "acc,none": 0.16666666666666666, "acc_stderr,none": 0.03333333333333336}, "mmlu_high_school_european_history": {"alias": "  - high_school_european_history", "acc,none": 0.2909090909090909, "acc_stderr,none": 0.03546563019624335}, "mmlu_high_school_us_history": {"alias": "  - high_school_us_history", "acc,none": 0.23529411764705882, "acc_stderr,none": 0.029771775228145628}, "mmlu_high_school_world_history": {"alias": "  - high_school_world_history", "acc,none": 0.28270042194092826, "acc_stderr,none": 0.029312814153955938}, "mmlu_international_law": {"alias": "  - international_law", "acc,none": 0.2892561983471074, "acc_stderr,none": 0.041391127276354626}, "mmlu_jurisprudence": {"alias": "  - jurisprudence", "acc,none": 0.17592592592592593, "acc_stderr,none": 0.036809181416738807}, "mmlu_logical_fallacies": {"alias": "  - logical_fallacies", "acc,none": 0.26993865030674846, "acc_stderr,none": 0.034878251684978906}, "mmlu_moral_disputes": {"alias": "  - moral_disputes", "acc,none": 0.28901734104046245, "acc_stderr,none": 0.02440517393578323}, "mmlu_moral_scenarios": {"alias": "  - moral_scenarios", "acc,none": 0.24916201117318434, "acc_stderr,none": 0.014465893829859926}, "mmlu_philosophy": {"alias": "  - philosophy", "acc,none": 0.2604501607717042, "acc_stderr,none": 0.02492672322484554}, "mmlu_prehistory": {"alias": "  - prehistory", "acc,none": 0.2716049382716049, "acc_stderr,none": 0.02474862449053737}, "mmlu_professional_law": {"alias": "  - professional_law", "acc,none": 0.2588005215123859, "acc_stderr,none": 0.011186109046564613}, "mmlu_world_religions": {"alias": "  - world_religions", "acc,none": 0.28654970760233917, "acc_stderr,none": 0.03467826685703826}, "mmlu_other": {"acc,none": 0.2346314773093016, "acc_stderr,none": 0.007603465609031845, "alias": " - other"}, "mmlu_business_ethics": {"alias": "  - business_ethics", "acc,none": 0.29, "acc_stderr,none": 0.04560480215720684}, "mmlu_clinical_knowledge": {"alias": "  - clinical_knowledge", "acc,none": 0.2188679245283019, "acc_stderr,none": 0.025447863825108608}, "mmlu_college_medicine": {"alias": "  - college_medicine", "acc,none": 0.19653179190751446, "acc_stderr,none": 0.030299574664788147}, "mmlu_global_facts": {"alias": "  - global_facts", "acc,none": 0.27, "acc_stderr,none": 0.044619604333847394}, "mmlu_human_aging": {"alias": "  - human_aging", "acc,none": 0.2062780269058296, "acc_stderr,none": 0.027157150479563824}, "mmlu_management": {"alias": "  - management", "acc,none": 0.27184466019417475, "acc_stderr,none": 0.044052680241409216}, "mmlu_marketing": {"alias": "  - marketing", "acc,none": 0.23076923076923078, "acc_stderr,none": 0.027601921381417604}, "mmlu_medical_genetics": {"alias": "  - medical_genetics", "acc,none": 0.28, "acc_stderr,none": 0.04512608598542127}, "mmlu_miscellaneous": {"alias": "  - miscellaneous", "acc,none": 0.24648786717752236, "acc_stderr,none": 0.01541130876968693}, "mmlu_nutrition": {"alias": "  - nutrition", "acc,none": 0.24836601307189543, "acc_stderr,none": 0.02473998135511359}, "mmlu_professional_accounting": {"alias": "  - professional_accounting", "acc,none": 0.24468085106382978, "acc_stderr,none": 0.025645553622266722}, "mmlu_professional_medicine": {"alias": "  - professional_medicine", "acc,none": 0.21323529411764705, "acc_stderr,none": 0.024880971512294264}, "mmlu_virology": {"alias": "  - virology", "acc,none": 0.1746987951807229, "acc_stderr,none": 0.029560326211256833}, "mmlu_social_sciences": {"acc,none": 0.27526811829704256, "acc_stderr,none": 0.008028518730630093, "alias": " - social sciences"}, "mmlu_econometrics": {"alias": "  - econometrics", "acc,none": 0.2631578947368421, "acc_stderr,none": 0.0414243971948936}, "mmlu_high_school_geography": {"alias": "  - high_school_geography", "acc,none": 0.3282828282828283, "acc_stderr,none": 0.03345678422756775}, "mmlu_high_school_government_and_politics": {"alias": "  - high_school_government_and_politics", "acc,none": 0.25906735751295334, "acc_stderr,none": 0.03161877917935411}, "mmlu_high_school_macroeconomics": {"alias": "  - high_school_macroeconomics", "acc,none": 0.3230769230769231, "acc_stderr,none": 0.023710888501970562}, "mmlu_high_school_microeconomics": {"alias": "  - high_school_microeconomics", "acc,none": 0.31512605042016806, "acc_stderr,none": 0.030176808288974337}, "mmlu_high_school_psychology": {"alias": "  - high_school_psychology", "acc,none": 0.26055045871559634, "acc_stderr,none": 0.018819182034850068}, "mmlu_human_sexuality": {"alias": "  - human_sexuality", "acc,none": 0.25190839694656486, "acc_stderr,none": 0.038073871163060866}, "mmlu_professional_psychology": {"alias": "  - professional_psychology", "acc,none": 0.25, "acc_stderr,none": 0.01751781884501444}, "mmlu_public_relations": {"alias": "  - public_relations", "acc,none": 0.18181818181818182, "acc_stderr,none": 0.036942843353378}, "mmlu_security_studies": {"alias": "  - security_studies", "acc,none": 0.3551020408163265, "acc_stderr,none": 0.030635655150387638}, "mmlu_sociology": {"alias": "  - sociology", "acc,none": 0.22388059701492538, "acc_stderr,none": 0.029475250236017183}, "mmlu_us_foreign_policy": {"alias": "  - us_foreign_policy", "acc,none": 0.21, "acc_stderr,none": 0.04093601807403326}, "mmlu_stem": {"acc,none": 0.2689502061528703, "acc_stderr,none": 0.007908571509768944, "alias": " - stem"}, "mmlu_abstract_algebra": {"alias": "  - abstract_algebra", "acc,none": 0.26, "acc_stderr,none": 0.044084400227680794}, "mmlu_anatomy": {"alias": "  - anatomy", "acc,none": 0.3111111111111111, "acc_stderr,none": 0.03999262876617721}, "mmlu_astronomy": {"alias": "  - astronomy", "acc,none": 0.3223684210526316, "acc_stderr,none": 0.03803510248351586}, "mmlu_college_biology": {"alias": "  - college_biology", "acc,none": 0.2569444444444444, "acc_stderr,none": 0.03653946969442099}, "mmlu_college_chemistry": {"alias": "  - college_chemistry", "acc,none": 0.3, "acc_stderr,none": 0.04605661864718381}, "mmlu_college_computer_science": {"alias": "  - college_computer_science", "acc,none": 0.25, "acc_stderr,none": 0.04351941398892446}, "mmlu_college_mathematics": {"alias": "  - college_mathematics", "acc,none": 0.29, "acc_stderr,none": 0.04560480215720684}, "mmlu_college_physics": {"alias": "  - college_physics", "acc,none": 0.20588235294117646, "acc_stderr,none": 0.04023382273617747}, "mmlu_computer_security": {"alias": "  - computer_security", "acc,none": 0.27, "acc_stderr,none": 0.044619604333847394}, "mmlu_conceptual_physics": {"alias": "  - conceptual_physics", "acc,none": 0.25957446808510637, "acc_stderr,none": 0.028659179374292326}, "mmlu_electrical_engineering": {"alias": "  - electrical_engineering", "acc,none": 0.2413793103448276, "acc_stderr,none": 0.03565998174135302}, "mmlu_elementary_mathematics": {"alias": "  - elementary_mathematics", "acc,none": 0.2698412698412698, "acc_stderr,none": 0.022860838309232065}, "mmlu_high_school_biology": {"alias": "  - high_school_biology", "acc,none": 0.25161290322580643, "acc_stderr,none": 0.024685979286239963},