{"results": {"arc_challenge": {"alias": "arc_challenge", "acc,none": 0.17918088737201365, "acc_stderr,none": 0.01120704521661567, "acc_norm,none": 0.22610921501706485, "acc_norm_stderr,none": 0.012224202097063302}, "gsm8k": {"alias": "gsm8k", "exact_match,strict-match": 0.0, "exact_match_stderr,strict-match": 0.0, "exact_match,flexible-extract": 0.011372251705837756, "exact_match_stderr,flexible-extract": 0.0029206661987887217}, "hellaswag": {"alias": "hellaswag", "acc,none": 0.27504481179047996, "acc_stderr,none": 0.004456242601950623, "acc_norm,none": 0.2808205536745668, "acc_norm_stderr,none": 0.00448481564706466}, "mmlu": {"acc,none": 0.23394103404073494, "acc_stderr,none": 0.0035707957380801823, "alias": "mmlu"}, "mmlu_humanities": {"acc,none": 0.24378320935175346, "acc_stderr,none": 0.00625858091951086, "alias": " - humanities"}, "mmlu_formal_logic": {"alias": "  - formal_logic", "acc,none": 0.24603174603174602, "acc_stderr,none": 0.03852273364924318}, "mmlu_high_school_european_history": {"alias": "  - high_school_european_history", "acc,none": 0.24848484848484848, "acc_stderr,none": 0.03374402644139404}, "mmlu_high_school_us_history": {"alias": "  - high_school_us_history", "acc,none": 0.2549019607843137, "acc_stderr,none": 0.030587591351604246}, "mmlu_high_school_world_history": {"alias": "  - high_school_world_history", "acc,none": 0.270042194092827, "acc_stderr,none": 0.028900721906293426}, "mmlu_international_law": {"alias": "  - international_law", "acc,none": 0.21487603305785125, "acc_stderr,none": 0.03749492448709695}, "mmlu_jurisprudence": {"alias": "  - jurisprudence", "acc,none": 0.25, "acc_stderr,none": 0.04186091791394607}, "mmlu_logical_fallacies": {"alias": "  - logical_fallacies", "acc,none": 0.24539877300613497, "acc_stderr,none": 0.03380939813943353}, "mmlu_moral_disputes": {"alias": "  - moral_disputes", "acc,none": 0.24855491329479767, "acc_stderr,none": 0.023267528432100174}, "mmlu_moral_scenarios": {"alias": "  - moral_scenarios", "acc,none": 0.24581005586592178, "acc_stderr,none": 0.014400296429225603}, "mmlu_philosophy": {"alias": "  - philosophy", "acc,none": 0.18006430868167203, "acc_stderr,none": 0.021823422857744953}, "mmlu_prehistory": {"alias": "  - prehistory", "acc,none": 0.2191358024691358, "acc_stderr,none": 0.02301670564026219}, "mmlu_professional_law": {"alias": "  - professional_law", "acc,none": 0.2470664928292047, "acc_stderr,none": 0.011015752255279341}, "mmlu_world_religions": {"alias": "  - world_religions", "acc,none": 0.3157894736842105, "acc_stderr,none": 0.035650796707083106}, "mmlu_other": {"acc,none": 0.2375281622143547, "acc_stderr,none": 0.007626599088649426, "alias": " - other"}, "mmlu_business_ethics": {"alias": "  - business_ethics", "acc,none": 0.29, "acc_stderr,none": 0.045604802157206845}, "mmlu_clinical_knowledge": {"alias": "  - clinical_knowledge", "acc,none": 0.2339622641509434, "acc_stderr,none": 0.02605529690115292}, "mmlu_college_medicine": {"alias": "  - college_medicine", "acc,none": 0.2023121387283237, "acc_stderr,none": 0.03063114553919882}, "mmlu_global_facts": {"alias": "  - global_facts", "acc,none": 0.13, "acc_stderr,none": 0.033799766898963086}, "mmlu_human_aging": {"alias": "  - human_aging", "acc,none": 0.27802690582959644, "acc_stderr,none": 0.030069584874494043}, "mmlu_management": {"alias": "  - management", "acc,none": 0.20388349514563106, "acc_stderr,none": 0.0398913985953177}, "mmlu_marketing": {"alias": "  - marketing", "acc,none": 0.28205128205128205, "acc_stderr,none": 0.02948036054954119}, "mmlu_medical_genetics": {"alias": "  - medical_genetics", "acc,none": 0.28, "acc_stderr,none": 0.04512608598542127}, "mmlu_miscellaneous": {"alias": "  - miscellaneous", "acc,none": 0.24010217113665389, "acc_stderr,none": 0.015274685213734195}, "mmlu_nutrition": {"alias": "  - nutrition", "acc,none": 0.21895424836601307, "acc_stderr,none": 0.02367908986180772}, "mmlu_professional_accounting": {"alias": "  - professional_accounting", "acc,none": 0.2375886524822695, "acc_stderr,none": 0.025389512552729906}, "mmlu_professional_medicine": {"alias": "  - professional_medicine", "acc,none": 0.19852941176470587, "acc_stderr,none": 0.024231013370541093}, "mmlu_virology": {"alias": "  - virology", "acc,none": 0.27710843373493976, "acc_stderr,none": 0.03484331592680588}, "mmlu_social_sciences": {"acc,none": 0.23041923951901203, "acc_stderr,none": 0.007599773592726273, "alias": " - social sciences"}, "mmlu_econometrics": {"alias": "  - econometrics", "acc,none": 0.2631578947368421, "acc_stderr,none": 0.041424397194893624}, "mmlu_high_school_geography": {"alias": "  - high_school_geography", "acc,none": 0.21717171717171718, "acc_stderr,none": 0.029376616484945637}, "mmlu_high_school_government_and_politics": {"alias": "  - high_school_government_and_politics", "acc,none": 0.22279792746113988, "acc_stderr,none": 0.03003114797764154}, "mmlu_high_school_macroeconomics": {"alias": "  - high_school_macroeconomics", "acc,none": 0.2205128205128205, "acc_stderr,none": 0.02102067268082791}, "mmlu_high_school_microeconomics": {"alias": "  - high_school_microeconomics", "acc,none": 0.2184873949579832, "acc_stderr,none": 0.026841514322958955}, "mmlu_high_school_psychology": {"alias": "  - high_school_psychology", "acc,none": 0.22201834862385322, "acc_stderr,none": 0.01781884956479661}, "mmlu_human_sexuality": {"alias": "  - human_sexuality", "acc,none": 0.2595419847328244, "acc_stderr,none": 0.03844876139785271}, "mmlu_professional_psychology": {"alias": "  - professional_psychology", "acc,none": 0.24836601307189543, "acc_stderr,none": 0.017479487001364764}, "mmlu_public_relations": {"alias": "  - public_relations", "acc,none": 0.20909090909090908, "acc_stderr,none": 0.03895091015724137}, "mmlu_security_studies": {"alias": "  - security_studies", "acc,none": 0.20408163265306123, "acc_stderr,none": 0.02580128347509051}, "mmlu_sociology": {"alias": "  - sociology", "acc,none": 0.24378109452736318, "acc_stderr,none": 0.030360490154014666}, "mmlu_us_foreign_policy": {"alias": "  - us_foreign_policy", "acc,none": 0.26, "acc_stderr,none": 0.0440844002276808}, "mmlu_stem": {"acc,none": 0.21915635902315256, "acc_stderr,none": 0.007360652736220124, "alias": " - stem"}, "mmlu_abstract_algebra": {"alias": "  - abstract_algebra", "acc,none": 0.21, "acc_stderr,none": 0.040936018074033256}, "mmlu_anatomy": {"alias": "  - anatomy", "acc,none": 0.21481481481481482, "acc_stderr,none": 0.03547854198560826}, "mmlu_astronomy": {"alias": "  - astronomy", "acc,none": 0.19078947368421054, "acc_stderr,none": 0.031975658210325}, "mmlu_college_biology": {"alias": "  - college_biology", "acc,none": 0.25, "acc_stderr,none": 0.03621034121889507}, "mmlu_college_chemistry": {"alias": "  - college_chemistry", "acc,none": 0.19, "acc_stderr,none": 0.03942772444036623}, "mmlu_college_computer_science": {"alias": "  - college_computer_science", "acc,none": 0.2, "acc_stderr,none": 0.04020151261036846}, "mmlu_college_mathematics": {"alias": "  - college_mathematics", "acc,none": 0.21, "acc_stderr,none": 0.040936018074033256}, "mmlu_college_physics": {"alias": "  - college_physics", "acc,none": 0.21568627450980393, "acc_stderr,none": 0.04092563958237654}, "mmlu_computer_security": {"alias": "  - computer_security", "acc,none": 0.31, "acc_stderr,none": 0.04648231987117316}, "mmlu_conceptual_physics": {"alias": "  - conceptual_physics", "acc,none": 0.25957446808510637, "acc_stderr,none": 0.02865917937429232}, "mmlu_electrical_engineering": {"alias": "  - electrical_engineering", "acc,none": 0.23448275862068965, "acc_stderr,none": 0.035306258743465914}, "mmlu_elementary_mathematics": {"alias": "  - elementary_mathematics", "acc,none": 0.21164021164021163, "acc_stderr,none": 0.02103733150526289}, "mmlu_high_school_biology": {"alias": "  - high_school_biology", "acc,none": 0.1967741935483871, "acc_stderr,none": 0.022616409420742025}, "mmlu_high_school_chemistry": {"alias": "  - high_school_chemistry", "acc,none": 0.18719211822660098,