{"results": {"arc_challenge": {"alias": "arc_challenge", "acc,none": 0.41552901023890787, "acc_stderr,none": 0.014401366641216376, "acc_norm,none": 0.4496587030716723, "acc_norm_stderr,none": 0.014537144444284736}, "gsm8k": {"alias": "gsm8k", "exact_match,strict-match": 0.6178923426838514, "exact_match_stderr,strict-match": 0.013384173935648494, "exact_match,flexible-extract": 0.620166793025019, "exact_match_stderr,flexible-extract": 0.013368818096960498}, "hellaswag": {"alias": "hellaswag", "acc,none": 0.5017924716191994, "acc_stderr,none": 0.004989749347461088, "acc_norm,none": 0.6776538538139812, "acc_norm_stderr,none": 0.004664195159393923}, "mmlu": {"acc,none": 0.5963537957555903, "acc_stderr,none": 0.003909441443215836, "alias": "mmlu"}, "mmlu_humanities": {"acc,none": 0.5334750265674814, "acc_stderr,none": 0.006729709261890235, "alias": " - humanities"}, "mmlu_formal_logic": {"alias": "  - formal_logic", "acc,none": 0.46825396825396826, "acc_stderr,none": 0.04463112720677173}, "mmlu_high_school_european_history": {"alias": "  - high_school_european_history", "acc,none": 0.7333333333333333, "acc_stderr,none": 0.03453131801885416}, "mmlu_high_school_us_history": {"alias": "  - high_school_us_history", "acc,none": 0.7254901960784313, "acc_stderr,none": 0.031321798030832904}, "mmlu_high_school_world_history": {"alias": "  - high_school_world_history", "acc,none": 0.7763713080168776, "acc_stderr,none": 0.027123298205229966}, "mmlu_international_law": {"alias": "  - international_law", "acc,none": 0.8016528925619835, "acc_stderr,none": 0.03640118271990947}, "mmlu_jurisprudence": {"alias": "  - jurisprudence", "acc,none": 0.7685185185185185, "acc_stderr,none": 0.04077494709252626}, "mmlu_logical_fallacies": {"alias": "  - logical_fallacies", "acc,none": 0.754601226993865, "acc_stderr,none": 0.03380939813943354}, "mmlu_moral_disputes": {"alias": "  - moral_disputes", "acc,none": 0.6791907514450867, "acc_stderr,none": 0.025131000233647897}, "mmlu_moral_scenarios": {"alias": "  - moral_scenarios", "acc,none": 0.24804469273743016, "acc_stderr,none": 0.014444157808261453}, "mmlu_philosophy": {"alias": "  - philosophy", "acc,none": 0.662379421221865, "acc_stderr,none": 0.026858825879488554}, "mmlu_prehistory": {"alias": "  - prehistory", "acc,none": 0.691358024691358, "acc_stderr,none": 0.02570264026060375}, "mmlu_professional_law": {"alias": "  - professional_law", "acc,none": 0.43741851368970014, "acc_stderr,none": 0.01266981346493573}, "mmlu_world_religions": {"alias": "  - world_religions", "acc,none": 0.8011695906432749, "acc_stderr,none": 0.03061111655743253}, "mmlu_other": {"acc,none": 0.6540070807853234, "acc_stderr,none": 0.008263884191395508, "alias": " - other"}, "mmlu_business_ethics": {"alias": "  - business_ethics", "acc,none": 0.62, "acc_stderr,none": 0.048783173121456316}, "mmlu_clinical_knowledge": {"alias": "  - clinical_knowledge", "acc,none": 0.6867924528301886, "acc_stderr,none": 0.028544793319055326}, "mmlu_college_medicine": {"alias": "  - college_medicine", "acc,none": 0.6358381502890174, "acc_stderr,none": 0.036690724774169056}, "mmlu_global_facts": {"alias": "  - global_facts", "acc,none": 0.25, "acc_stderr,none": 0.04351941398892446}, "mmlu_human_aging": {"alias": "  - human_aging", "acc,none": 0.6502242152466368, "acc_stderr,none": 0.03200736719484503}, "mmlu_management": {"alias": "  - management", "acc,none": 0.8252427184466019, "acc_stderr,none": 0.037601780060266196}, "mmlu_marketing": {"alias": "  - marketing", "acc,none": 0.8333333333333334, "acc_stderr,none": 0.024414947304543667}, "mmlu_medical_genetics": {"alias": "  - medical_genetics", "acc,none": 0.69, "acc_stderr,none": 0.04648231987117316}, "mmlu_miscellaneous": {"alias": "  - miscellaneous", "acc,none": 0.7254150702426565, "acc_stderr,none": 0.015959829933084035}, "mmlu_nutrition": {"alias": "  - nutrition", "acc,none": 0.6895424836601307, "acc_stderr,none": 0.02649303322514589}, "mmlu_professional_accounting": {"alias": "  - professional_accounting", "acc,none": 0.4787234042553192, "acc_stderr,none": 0.029800481645628693}, "mmlu_professional_medicine": {"alias": "  - professional_medicine", "acc,none": 0.6139705882352942, "acc_stderr,none": 0.029573269134411124}, "mmlu_virology": {"alias": "  - virology", "acc,none": 0.46987951807228917, "acc_stderr,none": 0.03885425420866766}, "mmlu_social_sciences": {"acc,none": 0.7062073448163796, "acc_stderr,none": 0.008037896601351723, "alias": " - social sciences"}, "mmlu_econometrics": {"alias": "  - econometrics", "acc,none": 0.45614035087719296, "acc_stderr,none": 0.046854730419077895}, "mmlu_high_school_geography": {"alias": "  - high_school_geography", "acc,none": 0.7676767676767676, "acc_stderr,none": 0.03008862949021749}, "mmlu_high_school_government_and_politics": {"alias": "  - high_school_government_and_politics", "acc,none": 0.8186528497409327, "acc_stderr,none": 0.02780703236068609}, "mmlu_high_school_macroeconomics": {"alias": "  - high_school_macroeconomics", "acc,none": 0.6846153846153846, "acc_stderr,none": 0.02355964698318995}, "mmlu_high_school_microeconomics": {"alias": "  - high_school_microeconomics", "acc,none": 0.6890756302521008, "acc_stderr,none": 0.03006676158297794}, "mmlu_high_school_psychology": {"alias": "  - high_school_psychology", "acc,none": 0.8201834862385321, "acc_stderr,none": 0.016465345467391534}, "mmlu_human_sexuality": {"alias": "  - human_sexuality", "acc,none": 0.7022900763358778, "acc_stderr,none": 0.04010358942462202}, "mmlu_professional_psychology": {"alias": "  - professional_psychology", "acc,none": 0.5866013071895425, "acc_stderr,none": 0.019922115682786682}, "mmlu_public_relations": {"alias": "  - public_relations", "acc,none": 0.6363636363636364, "acc_stderr,none": 0.046075820907199756}, "mmlu_security_studies": {"alias": "  - security_studies", "acc,none": 0.710204081632653, "acc_stderr,none": 0.02904308868330434}, "mmlu_sociology": {"alias": "  - sociology", "acc,none": 0.7910447761194029, "acc_stderr,none": 0.028748298931728658}, "mmlu_us_foreign_policy": {"alias": "  - us_foreign_policy", "acc,none": 0.79, "acc_stderr,none": 0.040936018074033256}, "mmlu_stem": {"acc,none": 0.5261655566127498, "acc_stderr,none": 0.008629020969570408, "alias": " - stem"}, "mmlu_abstract_algebra": {"alias": "  - abstract_algebra", "acc,none": 0.32, "acc_stderr,none": 0.046882617226215034}, "mmlu_anatomy": {"alias": "  - anatomy", "acc,none": 0.5333333333333333, "acc_stderr,none": 0.043097329010363554}, "mmlu_astronomy": {"alias": "  - astronomy", "acc,none": 0.7105263157894737, "acc_stderr,none": 0.03690677986137283}, "mmlu_college_biology": {"alias": "  - college_biology", "acc,none": 0.6666666666666666, "acc_stderr,none": 0.03942082639927213}, "mmlu_college_chemistry": {"alias": "  - college_chemistry", "acc,none": 0.4, "acc_stderr,none": 0.0492365963917331}, "mmlu_college_computer_science": {"alias": "  - college_computer_science", "acc,none": 0.49, "acc_stderr,none": 0.05024183937956912}, "mmlu_college_mathematics": {"alias": "  - college_mathematics", "acc,none": 0.41, "acc_stderr,none": 0.049431107042371025}, "mmlu_college_physics": {"alias": "  - college_physics", "acc,none": 0.39215686274509803, "acc_stderr,none": 0.04858083574266345}, "mmlu_computer_security": {"alias": "  - computer_security", "acc,none": 0.73, "acc_stderr,none": 0.044619604333847394}, "mmlu_conceptual_physics": {"alias": "  - conceptual_physics", "acc,none": 0.5702127659574469, "acc_stderr,none": 0.03236214467715563}, "mmlu_electrical_engineering": {"alias": "  - electrical_engineering", "acc,none": 0.6206896551724138, "acc_stderr,none": 0.040434618619167466}, "mmlu_elementary_mathematics": {"alias": "  - elementary_mathematics", "acc,none": 0.48412698412698413, "acc_stderr,none": 0.025738330639412152}, "mmlu_high_school_biology": {"alias": "  - high_school_biology", "acc,none": 0.7451612903225806, "acc_stderr,none": 0.024790118459332208}, "mmlu_high_school_chemistry": {"alias": "  - high_school_chemistry",