family,b,a
 olmo,0.005990928357980378,0.011406747677969176
 pythia,0.007826706772410576,-0.07979128498851457
