{"results": {"arc_challenge": {"alias": "arc_challenge", "acc,none": 0.302901023890785, "acc_stderr,none": 0.013428241573185349, "acc_norm,none": 0.32337883959044367, "acc_norm_stderr,none": 0.013669421630012129}, "gsm8k": {"alias": "gsm8k", "exact_match,strict-match": 0.025018953752843062, "exact_match_stderr,strict-match": 0.004302045046564302, "exact_match,flexible-extract": 0.06444275966641395, "exact_match_stderr,flexible-extract": 0.006763391728488271}, "hellaswag": {"alias": "hellaswag", "acc,none": 0.4863572993427604, "acc_stderr,none": 0.004987923636628568, "acc_norm,none": 0.6614220274845648, "acc_norm_stderr,none": 0.004722589460698246}, "mmlu": {"acc,none": 0.25395242842899873, "acc_stderr,none": 0.003668447037558293, "alias": "mmlu"}, "mmlu_humanities": {"acc,none": 0.2631243358129649, "acc_stderr,none": 0.0064082564738030074, "alias": " - humanities"}, "mmlu_formal_logic": {"alias": "  - formal_logic", "acc,none": 0.16666666666666666, "acc_stderr,none": 0.03333333333333337}, "mmlu_high_school_european_history": {"alias": "  - high_school_european_history", "acc,none": 0.26666666666666666, "acc_stderr,none": 0.03453131801885415}, "mmlu_high_school_us_history": {"alias": "  - high_school_us_history", "acc,none": 0.27450980392156865, "acc_stderr,none": 0.03132179803083292}, "mmlu_high_school_world_history": {"alias": "  - high_school_world_history", "acc,none": 0.32489451476793246, "acc_stderr,none": 0.030486039389105307}, "mmlu_international_law": {"alias": "  - international_law", "acc,none": 0.2727272727272727, "acc_stderr,none": 0.04065578140908705}, "mmlu_jurisprudence": {"alias": "  - jurisprudence", "acc,none": 0.32407407407407407, "acc_stderr,none": 0.04524596007030049}, "mmlu_logical_fallacies": {"alias": "  - logical_fallacies", "acc,none": 0.27607361963190186, "acc_stderr,none": 0.0351238528370505}, "mmlu_moral_disputes": {"alias": "  - moral_disputes", "acc,none": 0.28901734104046245, "acc_stderr,none": 0.02440517393578324}, "mmlu_moral_scenarios": {"alias": "  - moral_scenarios", "acc,none": 0.24692737430167597, "acc_stderr,none": 0.014422292204808852}, "mmlu_philosophy": {"alias": "  - philosophy", "acc,none": 0.2829581993569132, "acc_stderr,none": 0.02558306248998484}, "mmlu_prehistory": {"alias": "  - prehistory", "acc,none": 0.20987654320987653, "acc_stderr,none": 0.02265834408598136}, "mmlu_professional_law": {"alias": "  - professional_law", "acc,none": 0.25358539765319427, "acc_stderr,none": 0.011111715336101138}, "mmlu_world_religions": {"alias": "  - world_religions", "acc,none": 0.3567251461988304, "acc_stderr,none": 0.03674013002860954}, "mmlu_other": {"acc,none": 0.25426456388799484, "acc_stderr,none": 0.00780720115033742, "alias": " - other"}, "mmlu_business_ethics": {"alias": "  - business_ethics", "acc,none": 0.32, "acc_stderr,none": 0.046882617226215034}, "mmlu_clinical_knowledge": {"alias": "  - clinical_knowledge", "acc,none": 0.2339622641509434, "acc_stderr,none": 0.02605529690115292}, "mmlu_college_medicine": {"alias": "  - college_medicine", "acc,none": 0.21965317919075145, "acc_stderr,none": 0.031568093627031744}, "mmlu_global_facts": {"alias": "  - global_facts", "acc,none": 0.25, "acc_stderr,none": 0.04351941398892446}, "mmlu_human_aging": {"alias": "  - human_aging", "acc,none": 0.3094170403587444, "acc_stderr,none": 0.031024411740572203}, "mmlu_management": {"alias": "  - management", "acc,none": 0.18446601941747573, "acc_stderr,none": 0.03840423627288276}, "mmlu_marketing": {"alias": "  - marketing", "acc,none": 0.2905982905982906, "acc_stderr,none": 0.029745048572674047}, "mmlu_medical_genetics": {"alias": "  - medical_genetics", "acc,none": 0.28, "acc_stderr,none": 0.045126085985421276}, "mmlu_miscellaneous": {"alias": "  - miscellaneous", "acc,none": 0.25925925925925924, "acc_stderr,none": 0.01567100600933957}, "mmlu_nutrition": {"alias": "  - nutrition", "acc,none": 0.2679738562091503, "acc_stderr,none": 0.025360603796242557}, "mmlu_professional_accounting": {"alias": "  - professional_accounting", "acc,none": 0.24822695035460993, "acc_stderr,none": 0.025770015644290396}, "mmlu_professional_medicine": {"alias": "  - professional_medicine", "acc,none": 0.20220588235294118, "acc_stderr,none": 0.02439819298665492}, "mmlu_virology": {"alias": "  - virology", "acc,none": 0.23493975903614459, "acc_stderr,none": 0.03300533186128922}, "mmlu_social_sciences": {"acc,none": 0.23366915827104323, "acc_stderr,none": 0.007634178269420661, "alias": " - social sciences"}, "mmlu_econometrics": {"alias": "  - econometrics", "acc,none": 0.23684210526315788, "acc_stderr,none": 0.03999423879281339}, "mmlu_high_school_geography": {"alias": "  - high_school_geography", "acc,none": 0.20707070707070707, "acc_stderr,none": 0.02886977846026705}, "mmlu_high_school_government_and_politics": {"alias": "  - high_school_government_and_politics", "acc,none": 0.20207253886010362, "acc_stderr,none": 0.02897908979429673}, "mmlu_high_school_macroeconomics": {"alias": "  - high_school_macroeconomics", "acc,none": 0.23076923076923078, "acc_stderr,none": 0.021362027725222717}, "mmlu_high_school_microeconomics": {"alias": "  - high_school_microeconomics", "acc,none": 0.23529411764705882, "acc_stderr,none": 0.027553614467863807}, "mmlu_high_school_psychology": {"alias": "  - high_school_psychology", "acc,none": 0.24954128440366974, "acc_stderr,none": 0.018553897629501624}, "mmlu_human_sexuality": {"alias": "  - human_sexuality", "acc,none": 0.24427480916030533, "acc_stderr,none": 0.03768335959728745}, "mmlu_professional_psychology": {"alias": "  - professional_psychology", "acc,none": 0.22875816993464052, "acc_stderr,none": 0.016992723465466226}, "mmlu_public_relations": {"alias": "  - public_relations", "acc,none": 0.23636363636363636, "acc_stderr,none": 0.04069306319721375}, "mmlu_security_studies": {"alias": "  - security_studies", "acc,none": 0.2, "acc_stderr,none": 0.02560737598657916}, "mmlu_sociology": {"alias": "  - sociology", "acc,none": 0.26865671641791045, "acc_stderr,none": 0.03134328358208954}, "mmlu_us_foreign_policy": {"alias": "  - us_foreign_policy", "acc,none": 0.29, "acc_stderr,none": 0.04560480215720684}, "mmlu_stem": {"acc,none": 0.2597526165556613, "acc_stderr,none": 0.007796188543379397, "alias": " - stem"}, "mmlu_abstract_algebra": {"alias": "  - abstract_algebra", "acc,none": 0.31, "acc_stderr,none": 0.04648231987117316}, "mmlu_anatomy": {"alias": "  - anatomy", "acc,none": 0.2814814814814815, "acc_stderr,none": 0.03885004245800255}, "mmlu_astronomy": {"alias": "  - astronomy", "acc,none": 0.21710526315789475, "acc_stderr,none": 0.033550453048829226}, "mmlu_college_biology": {"alias": "  - college_biology", "acc,none": 0.2152777777777778, "acc_stderr,none": 0.034370793441061344}, "mmlu_college_chemistry": {"alias": "  - college_chemistry", "acc,none": 0.24, "acc_stderr,none": 0.04292346959909283}, "mmlu_college_computer_science": {"alias": "  - college_computer_science", "acc,none": 0.33, "acc_stderr,none": 0.047258156262526045}, "mmlu_college_mathematics": {"alias": "  - college_mathematics", "acc,none": 0.27, "acc_stderr,none": 0.0446196043338474}, "mmlu_college_physics": {"alias": "  - college_physics", "acc,none": 0.23529411764705882, "acc_stderr,none": 0.04220773659171452}, "mmlu_computer_security": {"alias": "  - computer_security", "acc,none": 0.33, "acc_stderr,none": 0.04725815626252605}, "mmlu_conceptual_physics": {"alias": "  - conceptual_physics", "acc,none": 0.25957446808510637, "acc_stderr,none": 0.02865917937429232}, "mmlu_electrical_engineering": {"alias": "  - electrical_engineering", "acc,none": 0.33793103448275863, "acc_stderr,none": 0.0394170763206489}, "mmlu_elementary_mathematics": {"alias": "  - elementary_mathematics", "acc,none": 0.24074074074074073, "acc_stderr,none": 0.0220190800122179}, "mmlu_high_school_biology": {"alias": "  - high_school_biology", "acc,none": 0.24838709677419354, "acc_stderr,none": 0.024580028921481003},