{"results": {"arc_challenge": {"alias": "arc_challenge", "acc,none": 0.30204778156996587, "acc_stderr,none": 0.01341751914471642, "acc_norm,none": 0.318259385665529, "acc_norm_stderr,none": 0.013611993916971453}, "gsm8k": {"alias": "gsm8k", "exact_match,strict-match": 0.012130401819560273, "exact_match_stderr,strict-match": 0.0030152942428909486, "exact_match,flexible-extract": 0.016679302501895376, "exact_match_stderr,flexible-extract": 0.0035275958887224213}, "hellaswag": {"alias": "hellaswag", "acc,none": 0.46574387572196774, "acc_stderr,none": 0.004978056798794866, "acc_norm,none": 0.6274646484763992, "acc_norm_stderr,none": 0.004824917516374173}, "mmlu": {"acc,none": 0.24711579547073068, "acc_stderr,none": 0.0036343359331344155, "alias": "mmlu"}, "mmlu_humanities": {"acc,none": 0.24867162592986186, "acc_stderr,none": 0.006286504502135202, "alias": " - humanities"}, "mmlu_formal_logic": {"alias": "  - formal_logic", "acc,none": 0.23809523809523808, "acc_stderr,none": 0.03809523809523811}, "mmlu_high_school_european_history": {"alias": "  - high_school_european_history", "acc,none": 0.21818181818181817, "acc_stderr,none": 0.03225078108306289}, "mmlu_high_school_us_history": {"alias": "  - high_school_us_history", "acc,none": 0.23529411764705882, "acc_stderr,none": 0.02977177522814565}, "mmlu_high_school_world_history": {"alias": "  - high_school_world_history", "acc,none": 0.350210970464135, "acc_stderr,none": 0.031052391937584353}, "mmlu_international_law": {"alias": "  - international_law", "acc,none": 0.24793388429752067, "acc_stderr,none": 0.03941897526516302}, "mmlu_jurisprudence": {"alias": "  - jurisprudence", "acc,none": 0.3148148148148148, "acc_stderr,none": 0.04489931073591312}, "mmlu_logical_fallacies": {"alias": "  - logical_fallacies", "acc,none": 0.2331288343558282, "acc_stderr,none": 0.0332201579577674}, "mmlu_moral_disputes": {"alias": "  - moral_disputes", "acc,none": 0.2658959537572254, "acc_stderr,none": 0.023786203255508283}, "mmlu_moral_scenarios": {"alias": "  - moral_scenarios", "acc,none": 0.2435754189944134, "acc_stderr,none": 0.014355911964767865}, "mmlu_philosophy": {"alias": "  - philosophy", "acc,none": 0.17684887459807075, "acc_stderr,none": 0.021670058885510796}, "mmlu_prehistory": {"alias": "  - prehistory", "acc,none": 0.2345679012345679, "acc_stderr,none": 0.023576881744005723}, "mmlu_professional_law": {"alias": "  - professional_law", "acc,none": 0.24185136897001303, "acc_stderr,none": 0.010936550813827061}, "mmlu_world_religions": {"alias": "  - world_religions", "acc,none": 0.34502923976608185, "acc_stderr,none": 0.036459813773888065}, "mmlu_other": {"acc,none": 0.2539427100096556, "acc_stderr,none": 0.007787517779602322, "alias": " - other"}, "mmlu_business_ethics": {"alias": "  - business_ethics", "acc,none": 0.26, "acc_stderr,none": 0.04408440022768079}, "mmlu_clinical_knowledge": {"alias": "  - clinical_knowledge", "acc,none": 0.19245283018867926, "acc_stderr,none": 0.024262979839372256}, "mmlu_college_medicine": {"alias": "  - college_medicine", "acc,none": 0.2138728323699422, "acc_stderr,none": 0.03126511206173043}, "mmlu_global_facts": {"alias": "  - global_facts", "acc,none": 0.31, "acc_stderr,none": 0.046482319871173156}, "mmlu_human_aging": {"alias": "  - human_aging", "acc,none": 0.35874439461883406, "acc_stderr,none": 0.032190792004199956}, "mmlu_management": {"alias": "  - management", "acc,none": 0.23300970873786409, "acc_stderr,none": 0.04185832598928317}, "mmlu_marketing": {"alias": "  - marketing", "acc,none": 0.2606837606837607, "acc_stderr,none": 0.028760348956523414}, "mmlu_medical_genetics": {"alias": "  - medical_genetics", "acc,none": 0.32, "acc_stderr,none": 0.046882617226215034}, "mmlu_miscellaneous": {"alias": "  - miscellaneous", "acc,none": 0.2554278416347382, "acc_stderr,none": 0.015594955384455765}, "mmlu_nutrition": {"alias": "  - nutrition", "acc,none": 0.21241830065359477, "acc_stderr,none": 0.023420375478296132}, "mmlu_professional_accounting": {"alias": "  - professional_accounting", "acc,none": 0.2695035460992908, "acc_stderr,none": 0.02646903681859063}, "mmlu_professional_medicine": {"alias": "  - professional_medicine", "acc,none": 0.21691176470588236, "acc_stderr,none": 0.025035845227711274}, "mmlu_virology": {"alias": "  - virology", "acc,none": 0.28313253012048195, "acc_stderr,none": 0.03507295431370519}, "mmlu_social_sciences": {"acc,none": 0.23594410139746505, "acc_stderr,none": 0.0076528586155191185, "alias": " - social sciences"}, "mmlu_econometrics": {"alias": "  - econometrics", "acc,none": 0.2894736842105263, "acc_stderr,none": 0.04266339443159394}, "mmlu_high_school_geography": {"alias": "  - high_school_geography", "acc,none": 0.18181818181818182, "acc_stderr,none": 0.027479603010538797}, "mmlu_high_school_government_and_politics": {"alias": "  - high_school_government_and_politics", "acc,none": 0.20725388601036268, "acc_stderr,none": 0.02925282329180363}, "mmlu_high_school_macroeconomics": {"alias": "  - high_school_macroeconomics", "acc,none": 0.23076923076923078, "acc_stderr,none": 0.021362027725222724}, "mmlu_high_school_microeconomics": {"alias": "  - high_school_microeconomics", "acc,none": 0.24369747899159663, "acc_stderr,none": 0.027886828078380558}, "mmlu_high_school_psychology": {"alias": "  - high_school_psychology", "acc,none": 0.23669724770642203, "acc_stderr,none": 0.01822407811729908}, "mmlu_human_sexuality": {"alias": "  - human_sexuality", "acc,none": 0.2748091603053435, "acc_stderr,none": 0.03915345408847835}, "mmlu_professional_psychology": {"alias": "  - professional_psychology", "acc,none": 0.24183006535947713, "acc_stderr,none": 0.017322789207784326}, "mmlu_public_relations": {"alias": "  - public_relations", "acc,none": 0.3, "acc_stderr,none": 0.04389311454644287}, "mmlu_security_studies": {"alias": "  - security_studies", "acc,none": 0.19183673469387755, "acc_stderr,none": 0.02520696315422541}, "mmlu_sociology": {"alias": "  - sociology", "acc,none": 0.24378109452736318, "acc_stderr,none": 0.030360490154014652}, "mmlu_us_foreign_policy": {"alias": "  - us_foreign_policy", "acc,none": 0.27, "acc_stderr,none": 0.0446196043338474}, "mmlu_stem": {"acc,none": 0.24896923564858864, "acc_stderr,none": 0.007701238442957525, "alias": " - stem"}, "mmlu_abstract_algebra": {"alias": "  - abstract_algebra", "acc,none": 0.31, "acc_stderr,none": 0.04648231987117316}, "mmlu_anatomy": {"alias": "  - anatomy", "acc,none": 0.26666666666666666, "acc_stderr,none": 0.038201699145179055}, "mmlu_astronomy": {"alias": "  - astronomy", "acc,none": 0.28289473684210525, "acc_stderr,none": 0.03665349695640767}, "mmlu_college_biology": {"alias": "  - college_biology", "acc,none": 0.22916666666666666, "acc_stderr,none": 0.035146974678623884}, "mmlu_college_chemistry": {"alias": "  - college_chemistry", "acc,none": 0.21, "acc_stderr,none": 0.040936018074033256}, "mmlu_college_computer_science": {"alias": "  - college_computer_science", "acc,none": 0.24, "acc_stderr,none": 0.04292346959909283}, "mmlu_college_mathematics": {"alias": "  - college_mathematics", "acc,none": 0.24, "acc_stderr,none": 0.04292346959909283}, "mmlu_college_physics": {"alias": "  - college_physics", "acc,none": 0.2647058823529412, "acc_stderr,none": 0.0438986995680878}, "mmlu_computer_security": {"alias": "  - computer_security", "acc,none": 0.31, "acc_stderr,none": 0.04648231987117316}, "mmlu_conceptual_physics": {"alias": "  - conceptual_physics", "acc,none": 0.24680851063829787, "acc_stderr,none": 0.0281854413012341}, "mmlu_electrical_engineering": {"alias": "  - electrical_engineering", "acc,none": 0.2620689655172414, "acc_stderr,none": 0.03664666337225256}, "mmlu_elementary_mathematics": {"alias": "  - elementary_mathematics", "acc,none": 0.26455026455026454, "acc_stderr,none": 0.022717467897708624}, "mmlu_high_school_biology": {"alias": "  - high_school_biology", "acc,none": 0.2032258064516129, "acc_stderr,none": 0.022891687984554945},