{"results": {"arc_challenge": {"alias": "arc_challenge", "acc,none": 0.20648464163822525, "acc_stderr,none": 0.011828865619002316, "acc_norm,none": 0.2551194539249147, "acc_norm_stderr,none": 0.012739038695202109}, "gsm8k": {"alias": "gsm8k", "exact_match,strict-match": 0.011372251705837756, "exact_match_stderr,strict-match": 0.002920666198788717, "exact_match,flexible-extract": 0.02350265352539803, "exact_match_stderr,flexible-extract": 0.004172883669643966}, "hellaswag": {"alias": "hellaswag", "acc,none": 0.34495120493925513, "acc_stderr,none": 0.00474380879203785, "acc_norm,none": 0.4111730730930094, "acc_norm_stderr,none": 0.004910409150135488}, "mmlu": {"acc,none": 0.23301523999430282, "acc_stderr,none": 0.0035626203436606454, "alias": "mmlu"}, "mmlu_humanities": {"acc,none": 0.24314558979808715, "acc_stderr,none": 0.006251443061154572, "alias": " - humanities"}, "mmlu_formal_logic": {"alias": "  - formal_logic", "acc,none": 0.2619047619047619, "acc_stderr,none": 0.03932537680392872}, "mmlu_high_school_european_history": {"alias": "  - high_school_european_history", "acc,none": 0.21818181818181817, "acc_stderr,none": 0.03225078108306289}, "mmlu_high_school_us_history": {"alias": "  - high_school_us_history", "acc,none": 0.2549019607843137, "acc_stderr,none": 0.030587591351604243}, "mmlu_high_school_world_history": {"alias": "  - high_school_world_history", "acc,none": 0.270042194092827, "acc_stderr,none": 0.028900721906293426}, "mmlu_international_law": {"alias": "  - international_law", "acc,none": 0.2396694214876033, "acc_stderr,none": 0.03896878985070417}, "mmlu_jurisprudence": {"alias": "  - jurisprudence", "acc,none": 0.25925925925925924, "acc_stderr,none": 0.04236511258094631}, "mmlu_logical_fallacies": {"alias": "  - logical_fallacies", "acc,none": 0.22699386503067484, "acc_stderr,none": 0.032910995786157686}, "mmlu_moral_disputes": {"alias": "  - moral_disputes", "acc,none": 0.24855491329479767, "acc_stderr,none": 0.023267528432100174}, "mmlu_moral_scenarios": {"alias": "  - moral_scenarios", "acc,none": 0.23798882681564246, "acc_stderr,none": 0.014242630070574885}, "mmlu_philosophy": {"alias": "  - philosophy", "acc,none": 0.1864951768488746, "acc_stderr,none": 0.022122439772480785}, "mmlu_prehistory": {"alias": "  - prehistory", "acc,none": 0.20987654320987653, "acc_stderr,none": 0.02265834408598136}, "mmlu_professional_law": {"alias": "  - professional_law", "acc,none": 0.2503259452411995, "acc_stderr,none": 0.011064151027165443}, "mmlu_world_religions": {"alias": "  - world_religions", "acc,none": 0.32748538011695905, "acc_stderr,none": 0.035993357714560276}, "mmlu_other": {"acc,none": 0.24589636305117477, "acc_stderr,none": 0.007715799668650549, "alias": " - other"}, "mmlu_business_ethics": {"alias": "  - business_ethics", "acc,none": 0.3, "acc_stderr,none": 0.04605661864718381}, "mmlu_clinical_knowledge": {"alias": "  - clinical_knowledge", "acc,none": 0.22264150943396227, "acc_stderr,none": 0.025604233470899098}, "mmlu_college_medicine": {"alias": "  - college_medicine", "acc,none": 0.2254335260115607, "acc_stderr,none": 0.031862098516411426}, "mmlu_global_facts": {"alias": "  - global_facts", "acc,none": 0.2, "acc_stderr,none": 0.04020151261036844}, "mmlu_human_aging": {"alias": "  - human_aging", "acc,none": 0.3094170403587444, "acc_stderr,none": 0.03102441174057221}, "mmlu_management": {"alias": "  - management", "acc,none": 0.20388349514563106, "acc_stderr,none": 0.03989139859531769}, "mmlu_marketing": {"alias": "  - marketing", "acc,none": 0.2948717948717949, "acc_stderr,none": 0.02987257770889115}, "mmlu_medical_genetics": {"alias": "  - medical_genetics", "acc,none": 0.3, "acc_stderr,none": 0.046056618647183814}, "mmlu_miscellaneous": {"alias": "  - miscellaneous", "acc,none": 0.24393358876117496, "acc_stderr,none": 0.015357212665829493}, "mmlu_nutrition": {"alias": "  - nutrition", "acc,none": 0.24183006535947713, "acc_stderr,none": 0.024518195641879334}, "mmlu_professional_accounting": {"alias": "  - professional_accounting", "acc,none": 0.2375886524822695, "acc_stderr,none": 0.025389512552729906}, "mmlu_professional_medicine": {"alias": "  - professional_medicine", "acc,none": 0.18382352941176472, "acc_stderr,none": 0.02352924218519311}, "mmlu_virology": {"alias": "  - virology", "acc,none": 0.2710843373493976, "acc_stderr,none": 0.03460579907553027}, "mmlu_social_sciences": {"acc,none": 0.2154696132596685, "acc_stderr,none": 0.007408405064922786, "alias": " - social sciences"}, "mmlu_econometrics": {"alias": "  - econometrics", "acc,none": 0.21929824561403508, "acc_stderr,none": 0.03892431106518754}, "mmlu_high_school_geography": {"alias": "  - high_school_geography", "acc,none": 0.16666666666666666, "acc_stderr,none": 0.026552207828215282}, "mmlu_high_school_government_and_politics": {"alias": "  - high_school_government_and_politics", "acc,none": 0.19689119170984457, "acc_stderr,none": 0.02869787397186069}, "mmlu_high_school_macroeconomics": {"alias": "  - high_school_macroeconomics", "acc,none": 0.2, "acc_stderr,none": 0.020280805062535726}, "mmlu_high_school_microeconomics": {"alias": "  - high_school_microeconomics", "acc,none": 0.21428571428571427, "acc_stderr,none": 0.02665353159671548}, "mmlu_high_school_psychology": {"alias": "  - high_school_psychology", "acc,none": 0.1963302752293578, "acc_stderr,none": 0.017030719339154368}, "mmlu_human_sexuality": {"alias": "  - human_sexuality", "acc,none": 0.2595419847328244, "acc_stderr,none": 0.03844876139785271}, "mmlu_professional_psychology": {"alias": "  - professional_psychology", "acc,none": 0.25, "acc_stderr,none": 0.01751781884501444}, "mmlu_public_relations": {"alias": "  - public_relations", "acc,none": 0.20909090909090908, "acc_stderr,none": 0.03895091015724137}, "mmlu_security_studies": {"alias": "  - security_studies", "acc,none": 0.1836734693877551, "acc_stderr,none": 0.02478907133200763}, "mmlu_sociology": {"alias": "  - sociology", "acc,none": 0.24378109452736318, "acc_stderr,none": 0.030360490154014666}, "mmlu_us_foreign_policy": {"alias": "  - us_foreign_policy", "acc,none": 0.27, "acc_stderr,none": 0.044619604333847394}, "mmlu_stem": {"acc,none": 0.2223279416428798, "acc_stderr,none": 0.007391177433600619, "alias": " - stem"}, "mmlu_abstract_algebra": {"alias": "  - abstract_algebra", "acc,none": 0.18, "acc_stderr,none": 0.03861229196653696}, "mmlu_anatomy": {"alias": "  - anatomy", "acc,none": 0.18518518518518517, "acc_stderr,none": 0.033556772163131396}, "mmlu_astronomy": {"alias": "  - astronomy", "acc,none": 0.19736842105263158, "acc_stderr,none": 0.03238981601699397}, "mmlu_college_biology": {"alias": "  - college_biology", "acc,none": 0.2638888888888889, "acc_stderr,none": 0.03685651095897532}, "mmlu_college_chemistry": {"alias": "  - college_chemistry", "acc,none": 0.15, "acc_stderr,none": 0.03588702812826372}, "mmlu_college_computer_science": {"alias": "  - college_computer_science", "acc,none": 0.26, "acc_stderr,none": 0.0440844002276808}, "mmlu_college_mathematics": {"alias": "  - college_mathematics", "acc,none": 0.19, "acc_stderr,none": 0.03942772444036625}, "mmlu_college_physics": {"alias": "  - college_physics", "acc,none": 0.28431372549019607, "acc_stderr,none": 0.04488482852329017}, "mmlu_computer_security": {"alias": "  - computer_security", "acc,none": 0.31, "acc_stderr,none": 0.04648231987117316}, "mmlu_conceptual_physics": {"alias": "  - conceptual_physics", "acc,none": 0.2680851063829787, "acc_stderr,none": 0.028957342788342343}, "mmlu_electrical_engineering": {"alias": "  - electrical_engineering", "acc,none": 0.2413793103448276, "acc_stderr,none": 0.03565998174135302}, "mmlu_elementary_mathematics": {"alias": "  - elementary_mathematics", "acc,none": 0.2275132275132275, "acc_stderr,none": 0.02159126940782378}, "mmlu_high_school_biology": {"alias": "  - high_school_biology", "acc,none": 0.18387096774193548, "acc_stderr,none": 0.022037217340267833}, "mmlu_high_school_chemistry": {"alias": "  - high_school_chemistry",