{"results": {"arc_challenge": {"alias": "arc_challenge", "acc,none": 0.2440273037542662, "acc_stderr,none": 0.012551447627856262, "acc_norm,none": 0.26535836177474403, "acc_norm_stderr,none": 0.012902554762313967}, "gsm8k": {"alias": "gsm8k", "exact_match,strict-match": 0.021986353297952996, "exact_match_stderr,strict-match": 0.004039162758110069, "exact_match,flexible-extract": 0.02350265352539803, "exact_match_stderr,flexible-extract": 0.004172883669643955}, "hellaswag": {"alias": "hellaswag", "acc,none": 0.3895638319059948, "acc_stderr,none": 0.004866547422355559, "acc_norm,none": 0.49083847839075884, "acc_norm_stderr,none": 0.004988943721711209}, "mmlu": {"acc,none": 0.24376869391824527, "acc_stderr,none": 0.003618440639643279, "alias": "mmlu"}, "mmlu_humanities": {"acc,none": 0.24845908607863976, "acc_stderr,none": 0.006300248705711144, "alias": " - humanities"}, "mmlu_formal_logic": {"alias": "  - formal_logic", "acc,none": 0.24603174603174602, "acc_stderr,none": 0.038522733649243156}, "mmlu_high_school_european_history": {"alias": "  - high_school_european_history", "acc,none": 0.21212121212121213, "acc_stderr,none": 0.03192271569548299}, "mmlu_high_school_us_history": {"alias": "  - high_school_us_history", "acc,none": 0.25, "acc_stderr,none": 0.03039153369274154}, "mmlu_high_school_world_history": {"alias": "  - high_school_world_history", "acc,none": 0.23628691983122363, "acc_stderr,none": 0.027652153144159253}, "mmlu_international_law": {"alias": "  - international_law", "acc,none": 0.2231404958677686, "acc_stderr,none": 0.03800754475228733}, "mmlu_jurisprudence": {"alias": "  - jurisprudence", "acc,none": 0.25925925925925924, "acc_stderr,none": 0.042365112580946315}, "mmlu_logical_fallacies": {"alias": "  - logical_fallacies", "acc,none": 0.27607361963190186, "acc_stderr,none": 0.0351238528370505}, "mmlu_moral_disputes": {"alias": "  - moral_disputes", "acc,none": 0.24855491329479767, "acc_stderr,none": 0.023267528432100174}, "mmlu_moral_scenarios": {"alias": "  - moral_scenarios", "acc,none": 0.27262569832402234, "acc_stderr,none": 0.014893391735249608}, "mmlu_philosophy": {"alias": "  - philosophy", "acc,none": 0.21221864951768488, "acc_stderr,none": 0.023222756797435108}, "mmlu_prehistory": {"alias": "  - prehistory", "acc,none": 0.2006172839506173, "acc_stderr,none": 0.02228231394977489}, "mmlu_professional_law": {"alias": "  - professional_law", "acc,none": 0.2529335071707953, "acc_stderr,none": 0.011102268713839987}, "mmlu_world_religions": {"alias": "  - world_religions", "acc,none": 0.27485380116959063, "acc_stderr,none": 0.034240429246915824}, "mmlu_other": {"acc,none": 0.25523012552301255, "acc_stderr,none": 0.007800997245027515, "alias": " - other"}, "mmlu_business_ethics": {"alias": "  - business_ethics", "acc,none": 0.19, "acc_stderr,none": 0.03942772444036624}, "mmlu_clinical_knowledge": {"alias": "  - clinical_knowledge", "acc,none": 0.27547169811320754, "acc_stderr,none": 0.027495663683724053}, "mmlu_college_medicine": {"alias": "  - college_medicine", "acc,none": 0.24855491329479767, "acc_stderr,none": 0.03295304696818317}, "mmlu_global_facts": {"alias": "  - global_facts", "acc,none": 0.38, "acc_stderr,none": 0.048783173121456316}, "mmlu_human_aging": {"alias": "  - human_aging", "acc,none": 0.32286995515695066, "acc_stderr,none": 0.031381476375754995}, "mmlu_management": {"alias": "  - management", "acc,none": 0.2524271844660194, "acc_stderr,none": 0.04301250399690877}, "mmlu_marketing": {"alias": "  - marketing", "acc,none": 0.2777777777777778, "acc_stderr,none": 0.02934311479809448}, "mmlu_medical_genetics": {"alias": "  - medical_genetics", "acc,none": 0.31, "acc_stderr,none": 0.04648231987117316}, "mmlu_miscellaneous": {"alias": "  - miscellaneous", "acc,none": 0.2388250319284802, "acc_stderr,none": 0.015246803197398701}, "mmlu_nutrition": {"alias": "  - nutrition", "acc,none": 0.21895424836601307, "acc_stderr,none": 0.02367908986180772}, "mmlu_professional_accounting": {"alias": "  - professional_accounting", "acc,none": 0.25886524822695034, "acc_stderr,none": 0.026129572527180848}, "mmlu_professional_medicine": {"alias": "  - professional_medicine", "acc,none": 0.1875, "acc_stderr,none": 0.023709788253811766}, "mmlu_virology": {"alias": "  - virology", "acc,none": 0.2891566265060241, "acc_stderr,none": 0.03529486801511115}, "mmlu_social_sciences": {"acc,none": 0.23041923951901203, "acc_stderr,none": 0.007586038134939939, "alias": " - social sciences"}, "mmlu_econometrics": {"alias": "  - econometrics", "acc,none": 0.2982456140350877, "acc_stderr,none": 0.04303684033537318}, "mmlu_high_school_geography": {"alias": "  - high_school_geography", "acc,none": 0.2474747474747475, "acc_stderr,none": 0.03074630074212451}, "mmlu_high_school_government_and_politics": {"alias": "  - high_school_government_and_politics", "acc,none": 0.21761658031088082, "acc_stderr,none": 0.02977866303775295}, "mmlu_high_school_macroeconomics": {"alias": "  - high_school_macroeconomics", "acc,none": 0.2, "acc_stderr,none": 0.020280805062535726}, "mmlu_high_school_microeconomics": {"alias": "  - high_school_microeconomics", "acc,none": 0.18907563025210083, "acc_stderr,none": 0.02543511943810537}, "mmlu_high_school_psychology": {"alias": "  - high_school_psychology", "acc,none": 0.24770642201834864, "acc_stderr,none": 0.018508143602547808}, "mmlu_human_sexuality": {"alias": "  - human_sexuality", "acc,none": 0.2748091603053435, "acc_stderr,none": 0.03915345408847836}, "mmlu_professional_psychology": {"alias": "  - professional_psychology", "acc,none": 0.24183006535947713, "acc_stderr,none": 0.017322789207784326}, "mmlu_public_relations": {"alias": "  - public_relations", "acc,none": 0.23636363636363636, "acc_stderr,none": 0.04069306319721377}, "mmlu_security_studies": {"alias": "  - security_studies", "acc,none": 0.17142857142857143, "acc_stderr,none": 0.024127463462650132}, "mmlu_sociology": {"alias": "  - sociology", "acc,none": 0.23383084577114427, "acc_stderr,none": 0.02992941540834839}, "mmlu_us_foreign_policy": {"alias": "  - us_foreign_policy", "acc,none": 0.27, "acc_stderr,none": 0.04461960433384739}, "mmlu_stem": {"acc,none": 0.23850301300348875, "acc_stderr,none": 0.007576208686162635, "alias": " - stem"}, "mmlu_abstract_algebra": {"alias": "  - abstract_algebra", "acc,none": 0.31, "acc_stderr,none": 0.04648231987117316}, "mmlu_anatomy": {"alias": "  - anatomy", "acc,none": 0.2, "acc_stderr,none": 0.03455473702325436}, "mmlu_astronomy": {"alias": "  - astronomy", "acc,none": 0.13157894736842105, "acc_stderr,none": 0.027508689533549915}, "mmlu_college_biology": {"alias": "  - college_biology", "acc,none": 0.24305555555555555, "acc_stderr,none": 0.0358687928008034}, "mmlu_college_chemistry": {"alias": "  - college_chemistry", "acc,none": 0.25, "acc_stderr,none": 0.04351941398892446}, "mmlu_college_computer_science": {"alias": "  - college_computer_science", "acc,none": 0.24, "acc_stderr,none": 0.04292346959909283}, "mmlu_college_mathematics": {"alias": "  - college_mathematics", "acc,none": 0.24, "acc_stderr,none": 0.042923469599092816}, "mmlu_college_physics": {"alias": "  - college_physics", "acc,none": 0.21568627450980393, "acc_stderr,none": 0.040925639582376556}, "mmlu_computer_security": {"alias": "  - computer_security", "acc,none": 0.29, "acc_stderr,none": 0.04560480215720684}, "mmlu_conceptual_physics": {"alias": "  - conceptual_physics", "acc,none": 0.28085106382978725, "acc_stderr,none": 0.029379170464124818}, "mmlu_electrical_engineering": {"alias": "  - electrical_engineering", "acc,none": 0.18620689655172415, "acc_stderr,none": 0.03243946159004616}, "mmlu_elementary_mathematics": {"alias": "  - elementary_mathematics", "acc,none": 0.25132275132275134, "acc_stderr,none": 0.022340482339643898}, "mmlu_high_school_biology": {"alias": "  - high_school_biology", "acc,none": 0.25483870967741934, "acc_stderr,none": 0.02479011845933221}, "mmlu_high_school_chemistry": {"alias": "  - high_school_chemistry",