{"results": {"arc_challenge": {"alias": "arc_challenge", "acc,none": 0.2901023890784983, "acc_stderr,none": 0.013261573677520776, "acc_norm,none": 0.3250853242320819, "acc_norm_stderr,none": 0.013688147309729119}, "gsm8k": {"alias": "gsm8k", "exact_match,strict-match": 0.33965125094768767, "exact_match_stderr,strict-match": 0.013045045067665267, "exact_match,flexible-extract": 0.34723275208491283, "exact_match_stderr,flexible-extract": 0.013113898382146872}, "hellaswag": {"alias": "hellaswag", "acc,none": 0.4053973312089225, "acc_stderr,none": 0.004899653704032838, "acc_norm,none": 0.5214100776737701, "acc_norm_stderr,none": 0.0049852047665550625}, "mmlu": {"acc,none": 0.4738641219199544, "acc_stderr,none": 0.004085999102287498, "alias": "mmlu"}, "mmlu_humanities": {"acc,none": 0.4201912858660999, "acc_stderr,none": 0.006942191043081774, "alias": " - humanities"}, "mmlu_formal_logic": {"alias": "  - formal_logic", "acc,none": 0.3412698412698413, "acc_stderr,none": 0.04240799327574924}, "mmlu_high_school_european_history": {"alias": "  - high_school_european_history", "acc,none": 0.6, "acc_stderr,none": 0.03825460278380026}, "mmlu_high_school_us_history": {"alias": "  - high_school_us_history", "acc,none": 0.5245098039215687, "acc_stderr,none": 0.03505093194348798}, "mmlu_high_school_world_history": {"alias": "  - high_school_world_history", "acc,none": 0.5907172995780591, "acc_stderr,none": 0.032007041833595914}, "mmlu_international_law": {"alias": "  - international_law", "acc,none": 0.7107438016528925, "acc_stderr,none": 0.041391127276354626}, "mmlu_jurisprudence": {"alias": "  - jurisprudence", "acc,none": 0.6018518518518519, "acc_stderr,none": 0.047323326159788126}, "mmlu_logical_fallacies": {"alias": "  - logical_fallacies", "acc,none": 0.50920245398773, "acc_stderr,none": 0.03927705600787443}, "mmlu_moral_disputes": {"alias": "  - moral_disputes", "acc,none": 0.523121387283237, "acc_stderr,none": 0.026890297881303118}, "mmlu_moral_scenarios": {"alias": "  - moral_scenarios", "acc,none": 0.23798882681564246, "acc_stderr,none": 0.014242630070574885}, "mmlu_philosophy": {"alias": "  - philosophy", "acc,none": 0.4983922829581994, "acc_stderr,none": 0.02839794490780661}, "mmlu_prehistory": {"alias": "  - prehistory", "acc,none": 0.5185185185185185, "acc_stderr,none": 0.02780165621232366}, "mmlu_professional_law": {"alias": "  - professional_law", "acc,none": 0.34810951760104303, "acc_stderr,none": 0.012166738993698203}, "mmlu_world_religions": {"alias": "  - world_religions", "acc,none": 0.6023391812865497, "acc_stderr,none": 0.03753638955761691}, "mmlu_other": {"acc,none": 0.5291277759897006, "acc_stderr,none": 0.008793592528218649, "alias": " - other"}, "mmlu_business_ethics": {"alias": "  - business_ethics", "acc,none": 0.51, "acc_stderr,none": 0.05024183937956912}, "mmlu_clinical_knowledge": {"alias": "  - clinical_knowledge", "acc,none": 0.5471698113207547, "acc_stderr,none": 0.030635627957961816}, "mmlu_college_medicine": {"alias": "  - college_medicine", "acc,none": 0.48554913294797686, "acc_stderr,none": 0.03810871630454764}, "mmlu_global_facts": {"alias": "  - global_facts", "acc,none": 0.32, "acc_stderr,none": 0.046882617226215034}, "mmlu_human_aging": {"alias": "  - human_aging", "acc,none": 0.5291479820627802, "acc_stderr,none": 0.03350073248773403}, "mmlu_management": {"alias": "  - management", "acc,none": 0.6116504854368932, "acc_stderr,none": 0.0482572933735639}, "mmlu_marketing": {"alias": "  - marketing", "acc,none": 0.7564102564102564, "acc_stderr,none": 0.0281209665039144}, "mmlu_medical_genetics": {"alias": "  - medical_genetics", "acc,none": 0.53, "acc_stderr,none": 0.050161355804659205}, "mmlu_miscellaneous": {"alias": "  - miscellaneous", "acc,none": 0.5530012771392082, "acc_stderr,none": 0.017779225233394216}, "mmlu_nutrition": {"alias": "  - nutrition", "acc,none": 0.6176470588235294, "acc_stderr,none": 0.02782610930728369}, "mmlu_professional_accounting": {"alias": "  - professional_accounting", "acc,none": 0.3723404255319149, "acc_stderr,none": 0.02883892147125145}, "mmlu_professional_medicine": {"alias": "  - professional_medicine", "acc,none": 0.43014705882352944, "acc_stderr,none": 0.030074971917302875}, "mmlu_virology": {"alias": "  - virology", "acc,none": 0.463855421686747, "acc_stderr,none": 0.03882310850890593}, "mmlu_social_sciences": {"acc,none": 0.5586610334741632, "acc_stderr,none": 0.008815916873898976, "alias": " - social sciences"}, "mmlu_econometrics": {"alias": "  - econometrics", "acc,none": 0.35964912280701755, "acc_stderr,none": 0.04514496132873633}, "mmlu_high_school_geography": {"alias": "  - high_school_geography", "acc,none": 0.5858585858585859, "acc_stderr,none": 0.03509438348879629}, "mmlu_high_school_government_and_politics": {"alias": "  - high_school_government_and_politics", "acc,none": 0.5544041450777202, "acc_stderr,none": 0.0358701498607566}, "mmlu_high_school_macroeconomics": {"alias": "  - high_school_macroeconomics", "acc,none": 0.4846153846153846, "acc_stderr,none": 0.02533900301010651}, "mmlu_high_school_microeconomics": {"alias": "  - high_school_microeconomics", "acc,none": 0.5210084033613446, "acc_stderr,none": 0.032449808499900284}, "mmlu_high_school_psychology": {"alias": "  - high_school_psychology", "acc,none": 0.6513761467889908, "acc_stderr,none": 0.020431254090714335}, "mmlu_human_sexuality": {"alias": "  - human_sexuality", "acc,none": 0.5572519083969466, "acc_stderr,none": 0.04356447202665069}, "mmlu_professional_psychology": {"alias": "  - professional_psychology", "acc,none": 0.4624183006535948, "acc_stderr,none": 0.020170614974969765}, "mmlu_public_relations": {"alias": "  - public_relations", "acc,none": 0.6090909090909091, "acc_stderr,none": 0.04673752333670239}, "mmlu_security_studies": {"alias": "  - security_studies", "acc,none": 0.6163265306122448, "acc_stderr,none": 0.031130880396235926}, "mmlu_sociology": {"alias": "  - sociology", "acc,none": 0.681592039800995, "acc_stderr,none": 0.032941184790540944}, "mmlu_us_foreign_policy": {"alias": "  - us_foreign_policy", "acc,none": 0.76, "acc_stderr,none": 0.04292346959909284}, "mmlu_stem": {"acc,none": 0.4167459562321599, "acc_stderr,none": 0.008644034537683023, "alias": " - stem"}, "mmlu_abstract_algebra": {"alias": "  - abstract_algebra", "acc,none": 0.33, "acc_stderr,none": 0.04725815626252606}, "mmlu_anatomy": {"alias": "  - anatomy", "acc,none": 0.4148148148148148, "acc_stderr,none": 0.04256193767901408}, "mmlu_astronomy": {"alias": "  - astronomy", "acc,none": 0.4868421052631579, "acc_stderr,none": 0.04067533136309174}, "mmlu_college_biology": {"alias": "  - college_biology", "acc,none": 0.4722222222222222, "acc_stderr,none": 0.04174752578923185}, "mmlu_college_chemistry": {"alias": "  - college_chemistry", "acc,none": 0.36, "acc_stderr,none": 0.048241815132442176}, "mmlu_college_computer_science": {"alias": "  - college_computer_science", "acc,none": 0.31, "acc_stderr,none": 0.04648231987117316}, "mmlu_college_mathematics": {"alias": "  - college_mathematics", "acc,none": 0.3, "acc_stderr,none": 0.046056618647183814}, "mmlu_college_physics": {"alias": "  - college_physics", "acc,none": 0.2549019607843137, "acc_stderr,none": 0.04336432707993178}, "mmlu_computer_security": {"alias": "  - computer_security", "acc,none": 0.71, "acc_stderr,none": 0.045604802157206845}, "mmlu_conceptual_physics": {"alias": "  - conceptual_physics", "acc,none": 0.4085106382978723, "acc_stderr,none": 0.03213418026701576}, "mmlu_electrical_engineering": {"alias": "  - electrical_engineering", "acc,none": 0.5517241379310345, "acc_stderr,none": 0.04144311810878151}, "mmlu_elementary_mathematics": {"alias": "  - elementary_mathematics", "acc,none": 0.37037037037037035, "acc_stderr,none": 0.024870815251057082}, "mmlu_high_school_biology": {"alias": "  - high_school_biology", "acc,none": 0.5258064516129032, "acc_stderr,none": 0.028406095057653326}, "mmlu_high_school_chemistry": {"alias": "  - high_school_chemistry",