{"results": {"arc_challenge": {"alias": "arc_challenge", "acc,none": 0.5571672354948806, "acc_stderr,none": 0.014515573873348899, "acc_norm,none": 0.591296928327645, "acc_norm_stderr,none": 0.014365750345427006}, "gsm8k": {"alias": "gsm8k", "exact_match,strict-match": 0.8324488248673237, "exact_match_stderr,strict-match": 0.010287143693711236, "exact_match,flexible-extract": 0.8514025777103866, "exact_match_stderr,flexible-extract": 0.009797503180527887}, "hellaswag": {"alias": "hellaswag", "acc,none": 0.6335391356303525, "acc_stderr,none": 0.004808526802718589, "acc_norm,none": 0.8299143596893049, "acc_norm_stderr,none": 0.0037494017750873063}, "mmlu": {"acc,none": 0.7756729810568295, "acc_stderr,none": 0.0033328497005232736, "alias": "mmlu"}, "mmlu_humanities": {"acc,none": 0.6977683315621679, "acc_stderr,none": 0.006302959855529938, "alias": " - humanities"}, "mmlu_formal_logic": {"alias": "  - formal_logic", "acc,none": 0.6111111111111112, "acc_stderr,none": 0.04360314860077459}, "mmlu_high_school_european_history": {"alias": "  - high_school_european_history", "acc,none": 0.8545454545454545, "acc_stderr,none": 0.027530196355066573}, "mmlu_high_school_us_history": {"alias": "  - high_school_us_history", "acc,none": 0.9019607843137255, "acc_stderr,none": 0.02087111845555208}, "mmlu_high_school_world_history": {"alias": "  - high_school_world_history", "acc,none": 0.919831223628692, "acc_stderr,none": 0.017676679991891642}, "mmlu_international_law": {"alias": "  - international_law", "acc,none": 0.8760330578512396, "acc_stderr,none": 0.030083098716035202}, "mmlu_jurisprudence": {"alias": "  - jurisprudence", "acc,none": 0.8333333333333334, "acc_stderr,none": 0.036028141763926456}, "mmlu_logical_fallacies": {"alias": "  - logical_fallacies", "acc,none": 0.8895705521472392, "acc_stderr,none": 0.024624937788941318}, "mmlu_moral_disputes": {"alias": "  - moral_disputes", "acc,none": 0.8236994219653179, "acc_stderr,none": 0.020516425672490714}, "mmlu_moral_scenarios": {"alias": "  - moral_scenarios", "acc,none": 0.5016759776536313, "acc_stderr,none": 0.016722407608296398}, "mmlu_philosophy": {"alias": "  - philosophy", "acc,none": 0.8102893890675241, "acc_stderr,none": 0.022268196258783225}, "mmlu_prehistory": {"alias": "  - prehistory", "acc,none": 0.8734567901234568, "acc_stderr,none": 0.018498600558790927}, "mmlu_professional_law": {"alias": "  - professional_law", "acc,none": 0.5880052151238592, "acc_stderr,none": 0.012570871032146071}, "mmlu_world_religions": {"alias": "  - world_religions", "acc,none": 0.8830409356725146, "acc_stderr,none": 0.024648068961366145}, "mmlu_other": {"acc,none": 0.818474412616672, "acc_stderr,none": 0.006626871667542423, "alias": " - other"}, "mmlu_business_ethics": {"alias": "  - business_ethics", "acc,none": 0.81, "acc_stderr,none": 0.039427724440366234}, "mmlu_clinical_knowledge": {"alias": "  - clinical_knowledge", "acc,none": 0.8490566037735849, "acc_stderr,none": 0.022032988985703494}, "mmlu_college_medicine": {"alias": "  - college_medicine", "acc,none": 0.7572254335260116, "acc_stderr,none": 0.0326926380614177}, "mmlu_global_facts": {"alias": "  - global_facts", "acc,none": 0.56, "acc_stderr,none": 0.04988876515698589}, "mmlu_human_aging": {"alias": "  - human_aging", "acc,none": 0.820627802690583, "acc_stderr,none": 0.025749819569192794}, "mmlu_management": {"alias": "  - management", "acc,none": 0.8932038834951457, "acc_stderr,none": 0.030581088928331362}, "mmlu_marketing": {"alias": "  - marketing", "acc,none": 0.9487179487179487, "acc_stderr,none": 0.014450181176872749}, "mmlu_medical_genetics": {"alias": "  - medical_genetics", "acc,none": 0.9, "acc_stderr,none": 0.030151134457776334}, "mmlu_miscellaneous": {"alias": "  - miscellaneous", "acc,none": 0.9029374201787995, "acc_stderr,none": 0.01058647471201827}, "mmlu_nutrition": {"alias": "  - nutrition", "acc,none": 0.8366013071895425, "acc_stderr,none": 0.0211706230112135}, "mmlu_professional_accounting": {"alias": "  - professional_accounting", "acc,none": 0.6276595744680851, "acc_stderr,none": 0.02883892147125145}, "mmlu_professional_medicine": {"alias": "  - professional_medicine", "acc,none": 0.8419117647058824, "acc_stderr,none": 0.02216146260806852}, "mmlu_virology": {"alias": "  - virology", "acc,none": 0.5662650602409639, "acc_stderr,none": 0.03858158940685515}, "mmlu_social_sciences": {"acc,none": 0.8625284367890803, "acc_stderr,none": 0.006121020697468155, "alias": " - social sciences"}, "mmlu_econometrics": {"alias": "  - econometrics", "acc,none": 0.7017543859649122, "acc_stderr,none": 0.04303684033537315}, "mmlu_high_school_geography": {"alias": "  - high_school_geography", "acc,none": 0.898989898989899, "acc_stderr,none": 0.021469735576055346}, "mmlu_high_school_government_and_politics": {"alias": "  - high_school_government_and_politics", "acc,none": 0.9585492227979274, "acc_stderr,none": 0.014385432857476442}, "mmlu_high_school_macroeconomics": {"alias": "  - high_school_macroeconomics", "acc,none": 0.8384615384615385, "acc_stderr,none": 0.018659703705332976}, "mmlu_high_school_microeconomics": {"alias": "  - high_school_microeconomics", "acc,none": 0.9243697478991597, "acc_stderr,none": 0.017174988814938515}, "mmlu_high_school_psychology": {"alias": "  - high_school_psychology", "acc,none": 0.9009174311926605, "acc_stderr,none": 0.012809780081878927}, "mmlu_human_sexuality": {"alias": "  - human_sexuality", "acc,none": 0.8854961832061069, "acc_stderr,none": 0.027927473753597453}, "mmlu_professional_psychology": {"alias": "  - professional_psychology", "acc,none": 0.8333333333333334, "acc_stderr,none": 0.015076937921915355}, "mmlu_public_relations": {"alias": "  - public_relations", "acc,none": 0.7090909090909091, "acc_stderr,none": 0.04350271442923243}, "mmlu_security_studies": {"alias": "  - security_studies", "acc,none": 0.8081632653061225, "acc_stderr,none": 0.025206963154225395}, "mmlu_sociology": {"alias": "  - sociology", "acc,none": 0.8805970149253731, "acc_stderr,none": 0.02292879327721974}, "mmlu_us_foreign_policy": {"alias": "  - us_foreign_policy", "acc,none": 0.94, "acc_stderr,none": 0.02386832565759415}, "mmlu_stem": {"acc,none": 0.7649857278782112, "acc_stderr,none": 0.007315413243114149, "alias": " - stem"}, "mmlu_abstract_algebra": {"alias": "  - abstract_algebra", "acc,none": 0.63, "acc_stderr,none": 0.048523658709391}, "mmlu_anatomy": {"alias": "  - anatomy", "acc,none": 0.7555555555555555, "acc_stderr,none": 0.03712537833614866}, "mmlu_astronomy": {"alias": "  - astronomy", "acc,none": 0.9078947368421053, "acc_stderr,none": 0.02353268597044349}, "mmlu_college_biology": {"alias": "  - college_biology", "acc,none": 0.8888888888888888, "acc_stderr,none": 0.02628055093284809}, "mmlu_college_chemistry": {"alias": "  - college_chemistry", "acc,none": 0.56, "acc_stderr,none": 0.049888765156985884}, "mmlu_college_computer_science": {"alias": "  - college_computer_science", "acc,none": 0.68, "acc_stderr,none": 0.046882617226215034}, "mmlu_college_mathematics": {"alias": "  - college_mathematics", "acc,none": 0.59, "acc_stderr,none": 0.04943110704237101}, "mmlu_college_physics": {"alias": "  - college_physics", "acc,none": 0.5980392156862745, "acc_stderr,none": 0.04878608714466996}, "mmlu_computer_security": {"alias": "  - computer_security", "acc,none": 0.8, "acc_stderr,none": 0.04020151261036846}, "mmlu_conceptual_physics": {"alias": "  - conceptual_physics", "acc,none": 0.8340425531914893, "acc_stderr,none": 0.024321174751038673}, "mmlu_electrical_engineering": {"alias": "  - electrical_engineering", "acc,none": 0.7586206896551724, "acc_stderr,none": 0.03565998174135303}, "mmlu_elementary_mathematics": {"alias": "  - elementary_mathematics", "acc,none": 0.8677248677248677, "acc_stderr,none": 0.01744855429068043}, "mmlu_high_school_biology": {"alias": "  - high_school_biology", "acc,none": 0.9, "acc_stderr,none": 0.0170664037196573}, "mmlu_high_school_chemistry": {"alias": "  - high_school_chemistry",